0 verbose cli /.sprite/languages/node/nvm/versions/node/v24.18.0/bin/node /.sprite/languages/node/nvm/versions/node/v24.18.0/bin/npm
1 info using npm@12.0.1
2 info using node@v24.18.0
3 silly config load:file:/.sprite/languages/node/nvm/versions/node/v24.18.0/lib/node_modules/npm/npmrc
4 silly config load:file:/home/sprite/.npmrc
5 silly config load:file:/.sprite/languages/node/nvm/versions/node/v24.18.0/etc/npmrc
6 verbose title npm install
7 verbose argv "install"
8 verbose logfile logs-max:10 dir:/home/sprite/.npm/_logs/2026-09-28T17_12_46_918Z-
9 verbose logfile /home/sprite/.npm/_logs/2026-09-28T17_12_46_918Z-debug-0.log
10 silly logfile done cleaning log files
11 silly packumentCache heap:4496293888 maxSize:1124073472 maxEntrySize:562036736
12 silly idealTree buildDeps
13 silly fetch manifest @supabase/supabase-js@^2.58.0
14 silly packumentCache full:https://registry.npmjs.org/@supabase%2fsupabase-js cache-miss
15 http fetch GET 200 https://registry.npmjs.org/npm 152ms
16 http fetch GET 200 https://registry.npmjs.org/@supabase%2fsupabase-js 218ms (cache miss)
17 silly packumentCache full:https://registry.npmjs.org/@supabase%2fsupabase-js set size:undefined disposed:false
18 silly fetch manifest @opentelemetry/api@>=1.0.0
19 silly packumentCache full:https://registry.npmjs.org/@opentelemetry%2fapi cache-miss
20 http fetch GET 200 https://registry.npmjs.org/@opentelemetry%2fapi 63ms (cache miss)
21 silly packumentCache full:https://registry.npmjs.org/@opentelemetry%2fapi set size:undefined disposed:false
22 silly fetch manifest @tanstack/react-router@^1.170.18
23 silly packumentCache full:https://registry.npmjs.org/@tanstack%2freact-router cache-miss
24 http fetch GET 200 https://registry.npmjs.org/@tanstack%2freact-router 199ms (cache miss)
25 silly packumentCache full:https://registry.npmjs.org/@tanstack%2freact-router set size:undefined disposed:false
26 silly fetch manifest react@^19.2.8
27 silly packumentCache full:https://registry.npmjs.org/react cache-miss
28 http fetch GET 200 https://registry.npmjs.org/react 265ms (cache miss)
29 silly packumentCache full:https://registry.npmjs.org/react set size:undefined disposed:false
30 silly fetch manifest react-dom@^19.2.8
31 silly packumentCache full:https://registry.npmjs.org/react-dom cache-miss
32 http fetch GET 200 https://registry.npmjs.org/react-dom 291ms (cache miss)
33 silly packumentCache full:https://registry.npmjs.org/react-dom set size:undefined disposed:false
34 silly fetch manifest class-variance-authority@^0.7.1
35 silly packumentCache full:https://registry.npmjs.org/class-variance-authority cache-miss
36 http fetch GET 200 https://registry.npmjs.org/class-variance-authority 45ms (cache miss)
37 silly packumentCache full:https://registry.npmjs.org/class-variance-authority set size:undefined disposed:false
38 silly fetch manifest clsx@^2.1.1
39 silly packumentCache full:https://registry.npmjs.org/clsx cache-miss
40 http fetch GET 200 https://registry.npmjs.org/clsx 69ms (cache miss)
41 silly packumentCache full:https://registry.npmjs.org/clsx set size:undefined disposed:false
42 silly fetch manifest framer-motion@^12.23.12
43 silly packumentCache full:https://registry.npmjs.org/framer-motion cache-miss
44 http fetch GET 200 https://registry.npmjs.org/framer-motion 252ms (cache miss)
45 silly packumentCache full:https://registry.npmjs.org/framer-motion set size:undefined disposed:false
46 silly fetch manifest @emotion/is-prop-valid@*
47 silly packumentCache full:https://registry.npmjs.org/@emotion%2fis-prop-valid cache-miss
48 http fetch GET 200 https://registry.npmjs.org/@emotion%2fis-prop-valid 95ms (cache miss)
49 silly packumentCache full:https://registry.npmjs.org/@emotion%2fis-prop-valid set size:undefined disposed:false
50 silly fetch manifest lucide-react@^0.548.0
51 silly packumentCache full:https://registry.npmjs.org/lucide-react cache-miss
52 http fetch GET 200 https://registry.npmjs.org/lucide-react 125ms (cache miss)
53 silly packumentCache full:https://registry.npmjs.org/lucide-react set size:undefined disposed:false
54 silly fetch manifest tailwind-merge@^3.3.1
55 silly packumentCache full:https://registry.npmjs.org/tailwind-merge cache-miss
56 http fetch GET 200 https://registry.npmjs.org/tailwind-merge 189ms (cache miss)
57 silly packumentCache full:https://registry.npmjs.org/tailwind-merge set size:undefined disposed:false
58 silly fetch manifest @tailwindcss/vite@^4.3.3
59 silly packumentCache full:https://registry.npmjs.org/@tailwindcss%2fvite cache-miss
60 http fetch GET 200 https://registry.npmjs.org/@tailwindcss%2fvite 150ms (cache miss)
61 silly packumentCache full:https://registry.npmjs.org/@tailwindcss%2fvite set size:undefined disposed:false
62 silly fetch manifest vite@^8.1.5
63 silly packumentCache full:https://registry.npmjs.org/vite cache-miss
64 http fetch GET 200 https://registry.npmjs.org/vite 1593ms (cache miss)
65 silly packumentCache full:https://registry.npmjs.org/vite set size:undefined disposed:false
66 silly fetch manifest @types/node@^20.19.0 || >=22.12.0
67 silly packumentCache full:https://registry.npmjs.org/@types%2fnode cache-miss
68 http fetch GET 200 https://registry.npmjs.org/@types%2fnode 345ms (cache miss)
69 silly packumentCache full:https://registry.npmjs.org/@types%2fnode set size:undefined disposed:false
70 silly fetch manifest @vitejs/devtools@^0.7.1
71 silly packumentCache full:https://registry.npmjs.org/@vitejs%2fdevtools cache-miss
72 http fetch GET 200 https://registry.npmjs.org/@vitejs%2fdevtools 71ms (cache miss)
73 silly packumentCache full:https://registry.npmjs.org/@vitejs%2fdevtools set size:undefined disposed:false
74 silly fetch manifest @vitejs/devtools-oxc@^0.7.6
75 silly packumentCache full:https://registry.npmjs.org/@vitejs%2fdevtools-oxc cache-miss
76 http fetch GET 200 https://registry.npmjs.org/@vitejs%2fdevtools-oxc 56ms (cache miss)
77 silly packumentCache full:https://registry.npmjs.org/@vitejs%2fdevtools-oxc set size:undefined disposed:false
78 silly fetch manifest @vitejs/devtools-rolldown@^0.7.6
79 silly packumentCache full:https://registry.npmjs.org/@vitejs%2fdevtools-rolldown cache-miss
80 http fetch GET 200 https://registry.npmjs.org/@vitejs%2fdevtools-rolldown 87ms (cache miss)
81 silly packumentCache full:https://registry.npmjs.org/@vitejs%2fdevtools-rolldown set size:undefined disposed:false
82 silly fetch manifest @vitejs/devtools-vite@^0.7.6
83 silly packumentCache full:https://registry.npmjs.org/@vitejs%2fdevtools-vite cache-miss
84 http fetch GET 200 https://registry.npmjs.org/@vitejs%2fdevtools-vite 67ms (cache miss)
85 silly packumentCache full:https://registry.npmjs.org/@vitejs%2fdevtools-vite set size:undefined disposed:false
86 silly fetch manifest @vitejs/devtools-vitest@^0.7.6
87 silly packumentCache full:https://registry.npmjs.org/@vitejs%2fdevtools-vitest cache-miss
88 http fetch GET 200 https://registry.npmjs.org/@vitejs%2fdevtools-vitest 62ms (cache miss)
89 silly packumentCache full:https://registry.npmjs.org/@vitejs%2fdevtools-vitest set size:undefined disposed:false
90 silly fetch manifest vitest@*
91 silly packumentCache full:https://registry.npmjs.org/vitest cache-miss
92 http fetch GET 200 https://registry.npmjs.org/vitest 128ms (cache miss)
93 silly packumentCache full:https://registry.npmjs.org/vitest set size:undefined disposed:false
94 silly fetch manifest @edge-runtime/vm@*
95 silly packumentCache full:https://registry.npmjs.org/@edge-runtime%2fvm cache-miss
96 http fetch GET 200 https://registry.npmjs.org/@edge-runtime%2fvm 67ms (cache miss)
97 silly packumentCache full:https://registry.npmjs.org/@edge-runtime%2fvm set size:undefined disposed:false
98 silly fetch manifest @opentelemetry/api@^1.9.0
99 silly packumentCache full:https://registry.npmjs.org/@opentelemetry%2fapi cache-miss
100 http cache https://registry.npmjs.org/@opentelemetry%2fapi 8ms (cache hit)
101 silly packumentCache full:https://registry.npmjs.org/@opentelemetry%2fapi set size:272967 disposed:false
102 silly fetch manifest @vitest/browser-playwright@5.0.2
103 silly packumentCache full:https://registry.npmjs.org/@vitest%2fbrowser-playwright cache-miss
104 http fetch GET 200 https://registry.npmjs.org/@vitest%2fbrowser-playwright 61ms (cache miss)
105 silly packumentCache full:https://registry.npmjs.org/@vitest%2fbrowser-playwright set size:undefined disposed:false
106 silly fetch manifest playwright@*
107 silly packumentCache full:https://registry.npmjs.org/playwright cache-miss
108 http fetch GET 200 https://registry.npmjs.org/playwright 512ms (cache miss)
109 silly packumentCache full:https://registry.npmjs.org/playwright set size:undefined disposed:false
110 silly fetch manifest @vitest/browser-preview@5.0.2
111 silly packumentCache full:https://registry.npmjs.org/@vitest%2fbrowser-preview cache-miss
112 http fetch GET 200 https://registry.npmjs.org/@vitest%2fbrowser-preview 55ms (cache miss)
113 silly packumentCache full:https://registry.npmjs.org/@vitest%2fbrowser-preview set size:undefined disposed:false
114 silly fetch manifest @vitest/browser-webdriverio@^5.0.0-beta.5 || >=5.0.0
115 silly packumentCache full:https://registry.npmjs.org/@vitest%2fbrowser-webdriverio cache-miss
116 http fetch GET 200 https://registry.npmjs.org/@vitest%2fbrowser-webdriverio 63ms (cache miss)
117 silly packumentCache full:https://registry.npmjs.org/@vitest%2fbrowser-webdriverio set size:undefined disposed:false
118 silly fetch manifest webdriverio@*
119 silly packumentCache full:https://registry.npmjs.org/webdriverio cache-miss
120 http fetch GET 200 https://registry.npmjs.org/webdriverio 163ms (cache miss)
121 silly packumentCache full:https://registry.npmjs.org/webdriverio set size:undefined disposed:false
122 silly fetch manifest puppeteer-core@>=22.x <=24.x
123 silly packumentCache full:https://registry.npmjs.org/puppeteer-core cache-miss
124 http fetch GET 200 https://registry.npmjs.org/puppeteer-core 80ms (cache miss)
125 silly packumentCache full:https://registry.npmjs.org/puppeteer-core set size:undefined disposed:false
126 silly fetch manifest @vitest/coverage-istanbul@5.0.2
127 silly packumentCache full:https://registry.npmjs.org/@vitest%2fcoverage-istanbul cache-miss
128 http fetch GET 200 https://registry.npmjs.org/@vitest%2fcoverage-istanbul 78ms (cache miss)
129 silly packumentCache full:https://registry.npmjs.org/@vitest%2fcoverage-istanbul set size:undefined disposed:false
130 silly fetch manifest @vitest/coverage-v8@5.0.2
131 silly packumentCache full:https://registry.npmjs.org/@vitest%2fcoverage-v8 cache-miss
132 http fetch GET 200 https://registry.npmjs.org/@vitest%2fcoverage-v8 95ms (cache miss)
133 silly packumentCache full:https://registry.npmjs.org/@vitest%2fcoverage-v8 set size:undefined disposed:false
134 silly fetch manifest @vitest/browser@5.0.2
135 silly packumentCache full:https://registry.npmjs.org/@vitest%2fbrowser cache-miss
136 http fetch GET 200 https://registry.npmjs.org/@vitest%2fbrowser 95ms (cache miss)
137 silly packumentCache full:https://registry.npmjs.org/@vitest%2fbrowser set size:undefined disposed:false
138 silly fetch manifest @vitest/ui@5.0.2
139 silly packumentCache full:https://registry.npmjs.org/@vitest%2fui cache-miss
140 http fetch GET 200 https://registry.npmjs.org/@vitest%2fui 100ms (cache miss)
141 silly packumentCache full:https://registry.npmjs.org/@vitest%2fui set size:undefined disposed:false
142 silly fetch manifest happy-dom@*
143 silly packumentCache full:https://registry.npmjs.org/happy-dom cache-miss
144 http fetch GET 200 https://registry.npmjs.org/happy-dom 134ms (cache miss)
145 silly packumentCache full:https://registry.npmjs.org/happy-dom set size:undefined disposed:false
146 silly fetch manifest jsdom@*
147 silly packumentCache full:https://registry.npmjs.org/jsdom cache-miss
148 http fetch GET 200 https://registry.npmjs.org/jsdom 60ms (cache miss)
149 silly packumentCache full:https://registry.npmjs.org/jsdom set size:undefined disposed:false
150 silly fetch manifest canvas@^3.2.3
151 silly packumentCache full:https://registry.npmjs.org/canvas cache-miss
152 http fetch GET 200 https://registry.npmjs.org/canvas 49ms (cache miss)
153 silly packumentCache full:https://registry.npmjs.org/canvas set size:undefined disposed:false
154 silly fetch manifest esbuild@^0.27.0 || ^0.28.0
155 silly packumentCache full:https://registry.npmjs.org/esbuild cache-miss
156 http fetch GET 200 https://registry.npmjs.org/esbuild 108ms (cache miss)
157 silly packumentCache full:https://registry.npmjs.org/esbuild set size:undefined disposed:false
158 silly fetch manifest jiti@>=1.21.0
159 silly packumentCache full:https://registry.npmjs.org/jiti cache-miss
160 http fetch GET 200 https://registry.npmjs.org/jiti 46ms (cache miss)
161 silly packumentCache full:https://registry.npmjs.org/jiti set size:undefined disposed:false
162 silly fetch manifest less@^4.0.0
163 silly packumentCache full:https://registry.npmjs.org/less cache-miss
164 http fetch GET 200 https://registry.npmjs.org/less 52ms (cache miss)
165 silly packumentCache full:https://registry.npmjs.org/less set size:undefined disposed:false
166 silly fetch manifest sass@^1.70.0
167 silly packumentCache full:https://registry.npmjs.org/sass cache-miss
168 http fetch GET 200 https://registry.npmjs.org/sass 95ms (cache miss)
169 silly packumentCache full:https://registry.npmjs.org/sass set size:undefined disposed:false
170 silly fetch manifest sass-embedded@^1.70.0
171 silly packumentCache full:https://registry.npmjs.org/sass-embedded cache-miss
172 http fetch GET 200 https://registry.npmjs.org/sass-embedded 47ms (cache miss)
173 silly packumentCache full:https://registry.npmjs.org/sass-embedded set size:undefined disposed:false
174 silly fetch manifest stylus@>=0.54.8
175 silly packumentCache full:https://registry.npmjs.org/stylus cache-miss
176 http fetch GET 200 https://registry.npmjs.org/stylus 52ms (cache miss)
177 silly packumentCache full:https://registry.npmjs.org/stylus set size:undefined disposed:false
178 silly fetch manifest sugarss@^5.0.0
179 silly packumentCache full:https://registry.npmjs.org/sugarss cache-miss
180 http fetch GET 200 https://registry.npmjs.org/sugarss 34ms (cache miss)
181 silly packumentCache full:https://registry.npmjs.org/sugarss set size:undefined disposed:false
182 silly fetch manifest postcss@^8.3.3
183 silly packumentCache full:https://registry.npmjs.org/postcss cache-miss
184 http fetch GET 200 https://registry.npmjs.org/postcss 58ms (cache miss)
185 silly packumentCache full:https://registry.npmjs.org/postcss set size:undefined disposed:false
186 silly fetch manifest terser@^5.16.0
187 silly packumentCache full:https://registry.npmjs.org/terser cache-miss
188 http fetch GET 200 https://registry.npmjs.org/terser 66ms (cache miss)
189 silly packumentCache full:https://registry.npmjs.org/terser set size:undefined disposed:false
190 silly fetch manifest tsx@^4.8.1
191 silly packumentCache full:https://registry.npmjs.org/tsx cache-miss
192 http fetch GET 200 https://registry.npmjs.org/tsx 54ms (cache miss)
193 silly packumentCache full:https://registry.npmjs.org/tsx set size:undefined disposed:false
194 silly fetch manifest yaml@^2.4.2
195 silly packumentCache full:https://registry.npmjs.org/yaml cache-miss
196 http fetch GET 200 https://registry.npmjs.org/yaml 61ms (cache miss)
197 silly packumentCache full:https://registry.npmjs.org/yaml set size:undefined disposed:false
198 silly fetch manifest @tanstack/router-plugin@^1.168.23
199 silly packumentCache full:https://registry.npmjs.org/@tanstack%2frouter-plugin cache-miss
200 http fetch GET 200 https://registry.npmjs.org/@tanstack%2frouter-plugin 156ms (cache miss)
201 silly packumentCache full:https://registry.npmjs.org/@tanstack%2frouter-plugin set size:undefined disposed:false
202 silly fetch manifest @rsbuild/core@>=1.0.2 || ^2.0.0
203 silly packumentCache full:https://registry.npmjs.org/@rsbuild%2fcore cache-miss
204 http fetch GET 200 https://registry.npmjs.org/@rsbuild%2fcore 113ms (cache miss)
205 silly packumentCache full:https://registry.npmjs.org/@rsbuild%2fcore set size:undefined disposed:false
206 silly fetch manifest core-js@>= 3.0.0
207 silly packumentCache full:https://registry.npmjs.org/core-js cache-miss
208 http fetch GET 200 https://registry.npmjs.org/core-js 74ms (cache miss)
209 silly packumentCache full:https://registry.npmjs.org/core-js set size:undefined disposed:false
210 silly fetch manifest vite-plugin-solid@^2.11.10 || ^3.0.0-0
211 silly packumentCache full:https://registry.npmjs.org/vite-plugin-solid cache-miss
212 http fetch GET 200 https://registry.npmjs.org/vite-plugin-solid 245ms (cache miss)
213 silly packumentCache full:https://registry.npmjs.org/vite-plugin-solid set size:undefined disposed:false
214 silly fetch manifest @testing-library/jest-dom@^5.16.6 || ^5.17.0 || ^6.0.0 || ^7.0.0
215 silly packumentCache full:https://registry.npmjs.org/@testing-library%2fjest-dom cache-miss
216 http fetch GET 200 https://registry.npmjs.org/@testing-library%2fjest-dom 80ms (cache miss)
217 silly packumentCache full:https://registry.npmjs.org/@testing-library%2fjest-dom set size:undefined disposed:false
218 silly fetch manifest @testing-library/dom@>=10 <11
219 silly packumentCache full:https://registry.npmjs.org/@testing-library%2fdom cache-miss
220 http fetch GET 200 https://registry.npmjs.org/@testing-library%2fdom 88ms (cache miss)
221 silly packumentCache full:https://registry.npmjs.org/@testing-library%2fdom set size:undefined disposed:false
222 silly fetch manifest solid-js@^1.7.2
223 silly packumentCache full:https://registry.npmjs.org/solid-js cache-miss
224 http fetch GET 200 https://registry.npmjs.org/solid-js 120ms (cache miss)
225 silly packumentCache full:https://registry.npmjs.org/solid-js set size:undefined disposed:false
226 silly fetch manifest webpack@>=5.92.0
227 silly packumentCache full:https://registry.npmjs.org/webpack cache-miss
228 http fetch GET 200 https://registry.npmjs.org/webpack 178ms (cache miss)
229 silly packumentCache full:https://registry.npmjs.org/webpack set size:undefined disposed:false
230 silly fetch manifest @types/react@^19.2.17
231 silly packumentCache full:https://registry.npmjs.org/@types%2freact cache-miss
232 http fetch GET 200 https://registry.npmjs.org/@types%2freact 141ms (cache miss)
233 silly packumentCache full:https://registry.npmjs.org/@types%2freact set size:undefined disposed:false
234 silly fetch manifest @types/react-dom@^19.2.3
235 silly packumentCache full:https://registry.npmjs.org/@types%2freact-dom cache-miss
236 http fetch GET 200 https://registry.npmjs.org/@types%2freact-dom 67ms (cache miss)
237 silly packumentCache full:https://registry.npmjs.org/@types%2freact-dom set size:undefined disposed:false
238 silly fetch manifest @vitejs/plugin-react@^5.2.0
239 silly packumentCache full:https://registry.npmjs.org/@vitejs%2fplugin-react cache-miss
240 http fetch GET 200 https://registry.npmjs.org/@vitejs%2fplugin-react 62ms (cache miss)
241 silly packumentCache full:https://registry.npmjs.org/@vitejs%2fplugin-react set size:undefined disposed:false
242 silly fetch manifest tailwindcss@^4.3.3
243 silly packumentCache full:https://registry.npmjs.org/tailwindcss cache-miss
244 http fetch GET 200 https://registry.npmjs.org/tailwindcss 278ms (cache miss)
245 silly packumentCache full:https://registry.npmjs.org/tailwindcss set size:undefined disposed:false
246 silly fetch manifest typescript@^5.9.3
247 silly packumentCache full:https://registry.npmjs.org/typescript cache-miss
248 http fetch GET 200 https://registry.npmjs.org/typescript 403ms (cache miss)
249 silly packumentCache full:https://registry.npmjs.org/typescript set size:undefined disposed:false
250 silly placeDep ROOT @supabase/supabase-js@2.117.2 OK for: app@0.0.0 want: ^2.58.0
251 silly placeDep ROOT @tailwindcss/vite@4.3.3 OK for: app@0.0.0 want: ^4.3.3
252 silly placeDep ROOT vite@8.3.1 OK for: @tailwindcss/vite@4.3.3 want: ^5.2.0 || ^6 || ^7 || ^8
253 silly placeDep ROOT @tanstack/react-router@1.170.40 OK for: app@0.0.0 want: ^1.170.18
254 silly placeDep ROOT react@19.3.0 OK for: @tanstack/react-router@1.170.40 want: >=18.0.0 || >=19.0.0
255 silly placeDep ROOT react-dom@19.3.0 OK for: @tanstack/react-router@1.170.40 want: >=18.0.0 || >=19.0.0
256 silly placeDep ROOT @tanstack/router-plugin@1.168.41 OK for: app@0.0.0 want: ^1.168.23
257 silly placeDep ROOT @types/react@19.3.0 OK for: app@0.0.0 want: ^19.2.17
258 silly placeDep ROOT @types/react-dom@19.3.0 OK for: app@0.0.0 want: ^19.2.3
259 silly placeDep ROOT @vitejs/plugin-react@5.2.0 OK for: app@0.0.0 want: ^5.2.0
260 silly placeDep ROOT class-variance-authority@0.7.1 OK for: app@0.0.0 want: ^0.7.1
261 silly placeDep ROOT clsx@2.1.1 OK for: app@0.0.0 want: ^2.1.1
262 silly placeDep ROOT framer-motion@12.43.0 OK for: app@0.0.0 want: ^12.23.12
263 silly placeDep ROOT lucide-react@0.548.0 OK for: app@0.0.0 want: ^0.548.0
264 silly placeDep ROOT tailwind-merge@3.7.0 OK for: app@0.0.0 want: ^3.3.1
265 silly placeDep ROOT tailwindcss@4.3.3 OK for: app@0.0.0 want: ^4.3.3
266 silly placeDep ROOT typescript@5.9.3 OK for: app@0.0.0 want: ^5.9.3
267 silly fetch manifest @supabase/auth-js@2.117.2
268 silly packumentCache full:https://registry.npmjs.org/@supabase%2fauth-js cache-miss
269 silly fetch manifest @supabase/storage-js@2.117.2
270 silly packumentCache full:https://registry.npmjs.org/@supabase%2fstorage-js cache-miss
271 silly fetch manifest @supabase/realtime-js@2.117.2
272 silly packumentCache full:https://registry.npmjs.org/@supabase%2frealtime-js cache-miss
273 silly fetch manifest @supabase/functions-js@2.117.2
274 silly packumentCache full:https://registry.npmjs.org/@supabase%2ffunctions-js cache-miss
275 silly fetch manifest @supabase/postgrest-js@2.117.2
276 silly packumentCache full:https://registry.npmjs.org/@supabase%2fpostgrest-js cache-miss
277 silly fetch manifest tailwindcss@4.3.3
278 silly packumentCache full:https://registry.npmjs.org/tailwindcss cache-miss
279 silly fetch manifest @tailwindcss/node@4.3.3
280 silly packumentCache full:https://registry.npmjs.org/@tailwindcss%2fnode cache-miss
281 http cache https://registry.npmjs.org/tailwindcss 55ms (cache hit)
282 silly packumentCache full:https://registry.npmjs.org/tailwindcss set size:10893093 disposed:false
283 silly fetch manifest @tailwindcss/oxide@4.3.3
284 silly packumentCache full:https://registry.npmjs.org/@tailwindcss%2foxide cache-miss
285 http fetch GET 200 https://registry.npmjs.org/@supabase%2fauth-js 186ms (cache miss)
286 silly packumentCache full:https://registry.npmjs.org/@supabase%2fauth-js set size:undefined disposed:false
287 silly fetch manifest postcss@^8.5.28
288 silly packumentCache full:https://registry.npmjs.org/postcss cache-miss
289 http cache https://registry.npmjs.org/postcss 12ms (cache hit)
290 silly packumentCache full:https://registry.npmjs.org/postcss set size:766699 disposed:false
291 silly fetch manifest rolldown@~1.2.9
292 silly packumentCache full:https://registry.npmjs.org/rolldown cache-miss
293 http fetch GET 200 https://registry.npmjs.org/@supabase%2fstorage-js 221ms (cache miss)
294 silly packumentCache full:https://registry.npmjs.org/@supabase%2fstorage-js set size:undefined disposed:false
295 silly fetch manifest picomatch@^4.0.7
296 silly packumentCache full:https://registry.npmjs.org/picomatch cache-miss
297 http fetch GET 200 https://registry.npmjs.org/@supabase%2ffunctions-js 232ms (cache miss)
298 silly packumentCache full:https://registry.npmjs.org/@supabase%2ffunctions-js set size:undefined disposed:false
299 silly fetch manifest tinyglobby@^0.2.17
300 silly packumentCache full:https://registry.npmjs.org/tinyglobby cache-miss
301 http fetch GET 200 https://registry.npmjs.org/@supabase%2frealtime-js 249ms (cache miss)
302 silly packumentCache full:https://registry.npmjs.org/@supabase%2frealtime-js set size:undefined disposed:false
303 silly fetch manifest lightningcss@^1.33.0
304 silly packumentCache full:https://registry.npmjs.org/lightningcss cache-miss
305 http fetch GET 200 https://registry.npmjs.org/@supabase%2fpostgrest-js 267ms (cache miss)
306 silly packumentCache full:https://registry.npmjs.org/@supabase%2fpostgrest-js set size:undefined disposed:false
307 silly fetch manifest fsevents@~2.3.3
308 silly packumentCache full:https://registry.npmjs.org/fsevents cache-miss
309 http fetch GET 200 https://registry.npmjs.org/picomatch 52ms (cache miss)
310 silly packumentCache full:https://registry.npmjs.org/picomatch set size:undefined disposed:false
311 silly fetch manifest isbot@^5.1.22
312 silly packumentCache full:https://registry.npmjs.org/isbot cache-miss
313 http fetch GET 200 https://registry.npmjs.org/@tailwindcss%2fnode 284ms (cache miss)
314 silly packumentCache full:https://registry.npmjs.org/@tailwindcss%2fnode set size:undefined disposed:false
315 silly fetch manifest @tanstack/history@1.162.4
316 silly packumentCache full:https://registry.npmjs.org/@tanstack%2fhistory cache-miss
317 http fetch GET 200 https://registry.npmjs.org/tinyglobby 65ms (cache miss)
318 silly packumentCache full:https://registry.npmjs.org/tinyglobby set size:undefined disposed:false
319 silly fetch manifest @tanstack/react-store@^0.11.0
320 silly packumentCache full:https://registry.npmjs.org/@tanstack%2freact-store cache-miss
321 http fetch GET 200 https://registry.npmjs.org/lightningcss 56ms (cache miss)
322 silly packumentCache full:https://registry.npmjs.org/lightningcss set size:undefined disposed:false
323 silly fetch manifest @tanstack/router-core@1.171.33
324 silly packumentCache full:https://registry.npmjs.org/@tanstack%2frouter-core cache-miss
325 http fetch GET 200 https://registry.npmjs.org/fsevents 50ms (cache miss)
326 silly packumentCache full:https://registry.npmjs.org/fsevents set size:undefined disposed:false
327 silly fetch manifest scheduler@^0.28.0
328 silly packumentCache full:https://registry.npmjs.org/scheduler cache-miss
329 http fetch GET 200 https://registry.npmjs.org/isbot 51ms (cache miss)
330 silly packumentCache full:https://registry.npmjs.org/isbot set size:undefined disposed:false
331 silly fetch manifest zod@^4.5.4
332 silly packumentCache full:https://registry.npmjs.org/zod cache-miss
333 http fetch GET 200 https://registry.npmjs.org/@tanstack%2freact-store 60ms (cache miss)
334 silly packumentCache full:https://registry.npmjs.org/@tanstack%2freact-store set size:undefined disposed:false
335 silly fetch manifest chokidar@^5.0.0
336 silly packumentCache full:https://registry.npmjs.org/chokidar cache-miss
337 http fetch GET 200 https://registry.npmjs.org/@tanstack%2fhistory 72ms (cache miss)
338 silly packumentCache full:https://registry.npmjs.org/@tanstack%2fhistory set size:undefined disposed:false
339 silly fetch manifest unplugin@^3.3.0
340 silly packumentCache full:https://registry.npmjs.org/unplugin cache-miss
341 http fetch GET 200 https://registry.npmjs.org/chokidar 52ms (cache miss)
342 silly packumentCache full:https://registry.npmjs.org/chokidar set size:undefined disposed:false
343 silly fetch manifest @babel/core@^7.29.7
344 silly packumentCache full:https://registry.npmjs.org/@babel%2fcore cache-miss
345 http fetch GET 200 https://registry.npmjs.org/unplugin 62ms (cache miss)
346 silly packumentCache full:https://registry.npmjs.org/unplugin set size:undefined disposed:false
347 silly fetch manifest @babel/types@^7.29.8
348 silly packumentCache full:https://registry.npmjs.org/@babel%2ftypes cache-miss
349 http fetch GET 200 https://registry.npmjs.org/@tailwindcss%2foxide 319ms (cache miss)
350 silly packumentCache full:https://registry.npmjs.org/@tailwindcss%2foxide set size:undefined disposed:false
351 silly fetch manifest @babel/template@^7.29.7
352 silly packumentCache full:https://registry.npmjs.org/@babel%2ftemplate cache-miss
353 http fetch GET 200 https://registry.npmjs.org/rolldown 434ms (cache miss)
354 silly packumentCache full:https://registry.npmjs.org/rolldown set size:undefined disposed:false
355 silly fetch manifest @tanstack/router-core@1.171.33
356 silly packumentCache full:https://registry.npmjs.org/@tanstack%2frouter-core cache-miss
357 http fetch GET 200 https://registry.npmjs.org/@babel%2ftemplate 241ms (cache miss)
358 silly packumentCache full:https://registry.npmjs.org/@babel%2ftemplate set size:undefined disposed:false
359 silly fetch manifest @tanstack/router-utils@1.162.3
360 silly packumentCache full:https://registry.npmjs.org/@tanstack%2frouter-utils cache-miss
361 http fetch GET 200 https://registry.npmjs.org/@tanstack%2frouter-core 418ms (cache miss)
362 silly packumentCache full:https://registry.npmjs.org/@tanstack%2frouter-core set size:undefined disposed:false
363 silly fetch manifest @tanstack/router-generator@1.167.39
364 silly packumentCache full:https://registry.npmjs.org/@tanstack%2frouter-generator cache-miss
365 http fetch GET 200 https://registry.npmjs.org/@babel%2ftypes 310ms (cache miss)
366 silly packumentCache full:https://registry.npmjs.org/@babel%2ftypes set size:undefined disposed:false
367 silly fetch manifest csstype@^3.2.2
368 silly packumentCache full:https://registry.npmjs.org/csstype cache-miss
369 http fetch GET 200 https://registry.npmjs.org/@babel%2fcore 342ms (cache miss)
370 silly packumentCache full:https://registry.npmjs.org/@babel%2fcore set size:undefined disposed:false
371 silly fetch manifest @babel/core@^7.29.0
372 silly packumentCache full:https://registry.npmjs.org/@babel%2fcore cache-miss
373 http cache https://registry.npmjs.org/@babel%2fcore 9ms (cache hit)
374 silly packumentCache full:https://registry.npmjs.org/@babel%2fcore set size:797193 disposed:false
375 silly fetch manifest react-refresh@^0.18.0
376 silly packumentCache full:https://registry.npmjs.org/react-refresh cache-miss
377 http fetch GET 200 https://registry.npmjs.org/csstype 63ms (cache miss)
378 silly packumentCache full:https://registry.npmjs.org/csstype set size:undefined disposed:false
379 silly fetch manifest @types/babel__core@^7.20.5
380 silly packumentCache full:https://registry.npmjs.org/@types%2fbabel__core cache-miss
381 http fetch GET 200 https://registry.npmjs.org/@tanstack%2frouter-core 127ms (cache miss)
382 silly packumentCache full:https://registry.npmjs.org/@tanstack%2frouter-core set size:undefined disposed:false
383 silly fetch manifest @rolldown/pluginutils@1.0.0-rc.3
384 silly packumentCache full:https://registry.npmjs.org/@rolldown%2fpluginutils cache-miss
385 http fetch GET 200 https://registry.npmjs.org/zod 518ms (cache miss)
386 silly packumentCache full:https://registry.npmjs.org/zod set size:undefined disposed:false
387 silly fetch manifest @babel/plugin-transform-react-jsx-self@^7.27.1
388 silly packumentCache full:https://registry.npmjs.org/@babel%2fplugin-transform-react-jsx-self cache-miss
389 http fetch GET 200 https://registry.npmjs.org/scheduler 554ms (cache miss)
390 silly packumentCache full:https://registry.npmjs.org/scheduler set size:undefined disposed:false
391 silly fetch manifest @babel/plugin-transform-react-jsx-source@^7.27.1
392 silly packumentCache full:https://registry.npmjs.org/@babel%2fplugin-transform-react-jsx-source cache-miss
393 http fetch GET 200 https://registry.npmjs.org/@types%2fbabel__core 93ms (cache miss)
394 silly packumentCache full:https://registry.npmjs.org/@types%2fbabel__core set size:undefined disposed:false
395 silly fetch manifest tslib@^2.4.0
396 silly packumentCache full:https://registry.npmjs.org/tslib cache-miss
397 http fetch GET 200 https://registry.npmjs.org/@rolldown%2fpluginutils 75ms (cache miss)
398 silly packumentCache full:https://registry.npmjs.org/@rolldown%2fpluginutils set size:undefined disposed:false
399 silly fetch manifest motion-dom@^12.43.0
400 silly packumentCache full:https://registry.npmjs.org/motion-dom cache-miss
401 http fetch GET 200 https://registry.npmjs.org/@babel%2fplugin-transform-react-jsx-self 51ms (cache miss)
402 silly packumentCache full:https://registry.npmjs.org/@babel%2fplugin-transform-react-jsx-self set size:undefined disposed:false
403 silly fetch manifest motion-utils@^12.39.0
404 silly packumentCache full:https://registry.npmjs.org/motion-utils cache-miss
405 http fetch GET 200 https://registry.npmjs.org/tslib 38ms (cache miss)
406 silly packumentCache full:https://registry.npmjs.org/tslib set size:undefined disposed:false
407 http fetch GET 200 https://registry.npmjs.org/@babel%2fplugin-transform-react-jsx-source 49ms (cache miss)
408 silly packumentCache full:https://registry.npmjs.org/@babel%2fplugin-transform-react-jsx-source set size:undefined disposed:false
409 http fetch GET 200 https://registry.npmjs.org/motion-utils 41ms (cache miss)
410 silly packumentCache full:https://registry.npmjs.org/motion-utils set size:undefined disposed:false
411 http fetch GET 200 https://registry.npmjs.org/@tanstack%2frouter-utils 248ms (cache miss)
412 silly packumentCache full:https://registry.npmjs.org/@tanstack%2frouter-utils set size:undefined disposed:false
413 http fetch GET 200 https://registry.npmjs.org/motion-dom 60ms (cache miss)
414 silly packumentCache full:https://registry.npmjs.org/motion-dom set size:undefined disposed:false
415 http fetch GET 200 https://registry.npmjs.org/react-refresh 248ms (cache miss)
416 silly packumentCache full:https://registry.npmjs.org/react-refresh set size:undefined disposed:false
417 http fetch GET 200 https://registry.npmjs.org/@tanstack%2frouter-generator 490ms (cache miss)
418 silly packumentCache full:https://registry.npmjs.org/@tanstack%2frouter-generator set size:undefined disposed:false
419 silly placeDep ROOT @supabase/auth-js@2.117.2 OK for: @supabase/supabase-js@2.117.2 want: 2.117.2
420 silly placeDep ROOT @supabase/functions-js@2.117.2 OK for: @supabase/supabase-js@2.117.2 want: 2.117.2
421 silly placeDep ROOT @supabase/postgrest-js@2.117.2 OK for: @supabase/supabase-js@2.117.2 want: 2.117.2
422 silly placeDep ROOT @supabase/realtime-js@2.117.2 OK for: @supabase/supabase-js@2.117.2 want: 2.117.2
423 silly placeDep ROOT @supabase/storage-js@2.117.2 OK for: @supabase/supabase-js@2.117.2 want: 2.117.2
424 silly fetch manifest tslib@2.8.1
425 silly packumentCache full:https://registry.npmjs.org/tslib cache-miss
426 silly fetch manifest tslib@2.8.1
427 silly packumentCache full:https://registry.npmjs.org/tslib cache-miss
428 silly fetch manifest tslib@2.8.1
429 silly packumentCache full:https://registry.npmjs.org/tslib cache-miss
430 silly fetch manifest tslib@2.8.1
431 silly packumentCache full:https://registry.npmjs.org/tslib cache-miss
432 silly fetch manifest @supabase/phoenix@0.4.5
433 silly packumentCache full:https://registry.npmjs.org/@supabase%2fphoenix cache-miss
434 silly fetch manifest tslib@2.8.1
435 silly packumentCache full:https://registry.npmjs.org/tslib cache-miss
436 silly fetch manifest iceberg-js@^0.8.1
437 silly packumentCache full:https://registry.npmjs.org/iceberg-js cache-miss
438 http cache https://registry.npmjs.org/tslib 16ms (cache hit)
439 silly packumentCache full:https://registry.npmjs.org/tslib set size:108843 disposed:false
440 http cache https://registry.npmjs.org/tslib 18ms (cache hit)
441 silly packumentCache full:https://registry.npmjs.org/tslib set size:108843 disposed:false
442 silly packumentCache full:https://registry.npmjs.org/tslib dispose
443 http cache https://registry.npmjs.org/tslib 20ms (cache hit)
444 silly packumentCache full:https://registry.npmjs.org/tslib set size:108843 disposed:true
445 silly packumentCache full:https://registry.npmjs.org/tslib dispose
446 http cache https://registry.npmjs.org/tslib 24ms (cache hit)
447 silly packumentCache full:https://registry.npmjs.org/tslib set size:108843 disposed:true
448 silly packumentCache full:https://registry.npmjs.org/tslib dispose
449 http cache https://registry.npmjs.org/tslib 25ms (cache hit)
450 silly packumentCache full:https://registry.npmjs.org/tslib set size:108843 disposed:true
451 silly packumentCache full:https://registry.npmjs.org/tslib dispose
452 http fetch GET 200 https://registry.npmjs.org/iceberg-js 33ms (cache miss)
453 silly packumentCache full:https://registry.npmjs.org/iceberg-js set size:undefined disposed:false
454 http fetch GET 200 https://registry.npmjs.org/@supabase%2fphoenix 59ms (cache miss)
455 silly packumentCache full:https://registry.npmjs.org/@supabase%2fphoenix set size:undefined disposed:false
456 silly placeDep ROOT tslib@2.8.1 OK for: @supabase/auth-js@2.117.2 want: 2.8.1
457 silly placeDep ROOT @supabase/phoenix@0.4.5 OK for: @supabase/realtime-js@2.117.2 want: 0.4.5
458 silly placeDep ROOT iceberg-js@0.8.1 OK for: @supabase/storage-js@2.117.2 want: ^0.8.1
459 silly placeDep ROOT @tailwindcss/node@4.3.3 OK for: @tailwindcss/vite@4.3.3 want: 4.3.3
460 silly placeDep ROOT @tailwindcss/oxide@4.3.3 OK for: @tailwindcss/vite@4.3.3 want: 4.3.3
461 silly fetch manifest jiti@^2.7.0
462 silly packumentCache full:https://registry.npmjs.org/jiti cache-miss
463 silly fetch manifest lightningcss@1.32.0
464 silly packumentCache full:https://registry.npmjs.org/lightningcss cache-miss
465 silly fetch manifest magic-string@^0.30.21
466 silly packumentCache full:https://registry.npmjs.org/magic-string cache-miss
467 silly fetch manifest source-map-js@^1.2.1
468 silly packumentCache full:https://registry.npmjs.org/source-map-js cache-miss
469 silly fetch manifest enhanced-resolve@^5.24.1
470 silly packumentCache full:https://registry.npmjs.org/enhanced-resolve cache-miss
471 silly fetch manifest @jridgewell/remapping@^2.3.5
472 silly packumentCache full:https://registry.npmjs.org/@jridgewell%2fremapping cache-miss
473 silly fetch manifest @tailwindcss/oxide-darwin-x64@4.3.3
474 silly packumentCache full:https://registry.npmjs.org/@tailwindcss%2foxide-darwin-x64 cache-miss
475 http cache https://registry.npmjs.org/jiti 33ms (cache hit)
476 silly packumentCache full:https://registry.npmjs.org/jiti set size:387989 disposed:false
477 silly fetch manifest @tailwindcss/oxide-freebsd-x64@4.3.3
478 silly packumentCache full:https://registry.npmjs.org/@tailwindcss%2foxide-freebsd-x64 cache-miss
479 http cache https://registry.npmjs.org/lightningcss 41ms (cache hit)
480 silly packumentCache full:https://registry.npmjs.org/lightningcss set size:191065 disposed:false
481 silly fetch manifest @tailwindcss/oxide-wasm32-wasi@4.3.3
482 silly packumentCache full:https://registry.npmjs.org/@tailwindcss%2foxide-wasm32-wasi cache-miss
483 http fetch GET 200 https://registry.npmjs.org/source-map-js 50ms (cache miss)
484 silly packumentCache full:https://registry.npmjs.org/source-map-js set size:undefined disposed:false
485 silly fetch manifest @tailwindcss/oxide-darwin-arm64@4.3.3
486 silly packumentCache full:https://registry.npmjs.org/@tailwindcss%2foxide-darwin-arm64 cache-miss
487 http fetch GET 200 https://registry.npmjs.org/magic-string 82ms (cache miss)
488 silly packumentCache full:https://registry.npmjs.org/magic-string set size:undefined disposed:false
489 silly fetch manifest @tailwindcss/oxide-android-arm64@4.3.3
490 silly packumentCache full:https://registry.npmjs.org/@tailwindcss%2foxide-android-arm64 cache-miss
491 http fetch GET 200 https://registry.npmjs.org/enhanced-resolve 106ms (cache miss)
492 silly packumentCache full:https://registry.npmjs.org/enhanced-resolve set size:undefined disposed:false
493 silly fetch manifest @tailwindcss/oxide-linux-x64-gnu@4.3.3
494 silly packumentCache full:https://registry.npmjs.org/@tailwindcss%2foxide-linux-x64-gnu cache-miss
495 http fetch GET 200 https://registry.npmjs.org/@jridgewell%2fremapping 118ms (cache miss)
496 silly packumentCache full:https://registry.npmjs.org/@jridgewell%2fremapping set size:undefined disposed:false
497 silly fetch manifest @tailwindcss/oxide-linux-x64-musl@4.3.3
498 silly packumentCache full:https://registry.npmjs.org/@tailwindcss%2foxide-linux-x64-musl cache-miss
499 http fetch GET 200 https://registry.npmjs.org/@tailwindcss%2foxide-wasm32-wasi 175ms (cache miss)
500 silly packumentCache full:https://registry.npmjs.org/@tailwindcss%2foxide-wasm32-wasi set size:undefined disposed:false
501 silly fetch manifest @tailwindcss/oxide-win32-x64-msvc@4.3.3
502 silly packumentCache full:https://registry.npmjs.org/@tailwindcss%2foxide-win32-x64-msvc cache-miss
503 http fetch GET 200 https://registry.npmjs.org/@tailwindcss%2foxide-darwin-x64 225ms (cache miss)
504 silly packumentCache full:https://registry.npmjs.org/@tailwindcss%2foxide-darwin-x64 set size:undefined disposed:false
505 silly fetch manifest @tailwindcss/oxide-linux-arm64-gnu@4.3.3
506 silly packumentCache full:https://registry.npmjs.org/@tailwindcss%2foxide-linux-arm64-gnu cache-miss
507 http fetch GET 200 https://registry.npmjs.org/@tailwindcss%2foxide-freebsd-x64 245ms (cache miss)
508 silly packumentCache full:https://registry.npmjs.org/@tailwindcss%2foxide-freebsd-x64 set size:undefined disposed:false
509 silly fetch manifest @tailwindcss/oxide-linux-arm64-musl@4.3.3
510 silly packumentCache full:https://registry.npmjs.org/@tailwindcss%2foxide-linux-arm64-musl cache-miss
511 http fetch GET 200 https://registry.npmjs.org/@tailwindcss%2foxide-darwin-arm64 255ms (cache miss)
512 silly packumentCache full:https://registry.npmjs.org/@tailwindcss%2foxide-darwin-arm64 set size:undefined disposed:false
513 silly fetch manifest @tailwindcss/oxide-win32-arm64-msvc@4.3.3
514 silly packumentCache full:https://registry.npmjs.org/@tailwindcss%2foxide-win32-arm64-msvc cache-miss
515 http fetch GET 200 https://registry.npmjs.org/@tailwindcss%2foxide-android-arm64 228ms (cache miss)
516 silly packumentCache full:https://registry.npmjs.org/@tailwindcss%2foxide-android-arm64 set size:undefined disposed:false
517 silly fetch manifest @tailwindcss/oxide-linux-arm-gnueabihf@4.3.3
518 silly packumentCache full:https://registry.npmjs.org/@tailwindcss%2foxide-linux-arm-gnueabihf cache-miss
519 http fetch GET 200 https://registry.npmjs.org/@tailwindcss%2foxide-linux-x64-musl 233ms (cache miss)
520 silly packumentCache full:https://registry.npmjs.org/@tailwindcss%2foxide-linux-x64-musl set size:undefined disposed:false
521 http fetch GET 200 https://registry.npmjs.org/@tailwindcss%2foxide-linux-x64-gnu 256ms (cache miss)
522 silly packumentCache full:https://registry.npmjs.org/@tailwindcss%2foxide-linux-x64-gnu set size:undefined disposed:false
523 http fetch GET 200 https://registry.npmjs.org/@tailwindcss%2foxide-win32-arm64-msvc 124ms (cache miss)
524 silly packumentCache full:https://registry.npmjs.org/@tailwindcss%2foxide-win32-arm64-msvc set size:undefined disposed:false
525 http fetch GET 200 https://registry.npmjs.org/@tailwindcss%2foxide-linux-arm64-gnu 217ms (cache miss)
526 silly packumentCache full:https://registry.npmjs.org/@tailwindcss%2foxide-linux-arm64-gnu set size:undefined disposed:false
527 http fetch GET 200 https://registry.npmjs.org/@tailwindcss%2foxide-win32-x64-msvc 247ms (cache miss)
528 silly packumentCache full:https://registry.npmjs.org/@tailwindcss%2foxide-win32-x64-msvc set size:undefined disposed:false
529 http fetch GET 200 https://registry.npmjs.org/@tailwindcss%2foxide-linux-arm64-musl 205ms (cache miss)
530 silly packumentCache full:https://registry.npmjs.org/@tailwindcss%2foxide-linux-arm64-musl set size:undefined disposed:false
531 http fetch GET 200 https://registry.npmjs.org/@tailwindcss%2foxide-linux-arm-gnueabihf 203ms (cache miss)
532 silly packumentCache full:https://registry.npmjs.org/@tailwindcss%2foxide-linux-arm-gnueabihf set size:undefined disposed:false
533 silly placeDep ROOT @jridgewell/remapping@2.3.5 OK for: @tailwindcss/node@4.3.3 want: ^2.3.5
534 silly placeDep ROOT enhanced-resolve@5.25.1 OK for: @tailwindcss/node@4.3.3 want: ^5.24.1
535 silly placeDep ROOT jiti@2.7.0 OK for: @tailwindcss/node@4.3.3 want: ^2.7.0
536 silly placeDep ROOT lightningcss@1.32.0 OK for: @tailwindcss/node@4.3.3 want: 1.32.0
537 silly placeDep ROOT magic-string@0.30.21 OK for: @tailwindcss/node@4.3.3 want: ^0.30.21
538 silly placeDep ROOT source-map-js@1.2.1 OK for: @tailwindcss/node@4.3.3 want: ^1.2.1
539 silly fetch manifest @jridgewell/gen-mapping@^0.3.5
540 silly packumentCache full:https://registry.npmjs.org/@jridgewell%2fgen-mapping cache-miss
541 silly fetch manifest @jridgewell/trace-mapping@^0.3.24
542 silly packumentCache full:https://registry.npmjs.org/@jridgewell%2ftrace-mapping cache-miss
543 silly fetch manifest tapable@^2.3.3
544 silly packumentCache full:https://registry.npmjs.org/tapable cache-miss
545 silly fetch manifest graceful-fs@^4.2.4
546 silly packumentCache full:https://registry.npmjs.org/graceful-fs cache-miss
547 silly fetch manifest detect-libc@^2.0.3
548 silly packumentCache full:https://registry.npmjs.org/detect-libc cache-miss
549 silly fetch manifest lightningcss-darwin-x64@1.32.0
550 silly packumentCache full:https://registry.npmjs.org/lightningcss-darwin-x64 cache-miss
551 silly fetch manifest lightningcss-freebsd-x64@1.32.0
552 silly packumentCache full:https://registry.npmjs.org/lightningcss-freebsd-x64 cache-miss
553 http fetch GET 200 https://registry.npmjs.org/@jridgewell%2fgen-mapping 40ms (cache miss)
554 silly packumentCache full:https://registry.npmjs.org/@jridgewell%2fgen-mapping set size:undefined disposed:false
555 silly fetch manifest lightningcss-darwin-arm64@1.32.0
556 silly packumentCache full:https://registry.npmjs.org/lightningcss-darwin-arm64 cache-miss
557 http fetch GET 200 https://registry.npmjs.org/lightningcss-darwin-x64 40ms (cache miss)
558 silly packumentCache full:https://registry.npmjs.org/lightningcss-darwin-x64 set size:undefined disposed:false
559 silly fetch manifest lightningcss-android-arm64@1.32.0
560 silly packumentCache full:https://registry.npmjs.org/lightningcss-android-arm64 cache-miss
561 http fetch GET 200 https://registry.npmjs.org/lightningcss-freebsd-x64 45ms (cache miss)
562 silly packumentCache full:https://registry.npmjs.org/lightningcss-freebsd-x64 set size:undefined disposed:false
563 silly fetch manifest lightningcss-linux-x64-gnu@1.32.0
564 silly packumentCache full:https://registry.npmjs.org/lightningcss-linux-x64-gnu cache-miss
565 http fetch GET 200 https://registry.npmjs.org/tapable 54ms (cache miss)
566 silly packumentCache full:https://registry.npmjs.org/tapable set size:undefined disposed:false
567 silly fetch manifest lightningcss-linux-x64-musl@1.32.0
568 silly packumentCache full:https://registry.npmjs.org/lightningcss-linux-x64-musl cache-miss
569 http fetch GET 200 https://registry.npmjs.org/lightningcss-android-arm64 20ms (cache miss)
570 silly packumentCache full:https://registry.npmjs.org/lightningcss-android-arm64 set size:undefined disposed:false
571 silly fetch manifest lightningcss-win32-x64-msvc@1.32.0
572 silly packumentCache full:https://registry.npmjs.org/lightningcss-win32-x64-msvc cache-miss
573 http fetch GET 200 https://registry.npmjs.org/lightningcss-darwin-arm64 26ms (cache miss)
574 silly packumentCache full:https://registry.npmjs.org/lightningcss-darwin-arm64 set size:undefined disposed:false
575 silly fetch manifest lightningcss-linux-arm64-gnu@1.32.0
576 silly packumentCache full:https://registry.npmjs.org/lightningcss-linux-arm64-gnu cache-miss
577 http fetch GET 200 https://registry.npmjs.org/lightningcss-linux-x64-gnu 41ms (cache miss)
578 silly packumentCache full:https://registry.npmjs.org/lightningcss-linux-x64-gnu set size:undefined disposed:false
579 silly fetch manifest lightningcss-linux-arm64-musl@1.32.0
580 silly packumentCache full:https://registry.npmjs.org/lightningcss-linux-arm64-musl cache-miss
581 http fetch GET 200 https://registry.npmjs.org/lightningcss-win32-x64-msvc 29ms (cache miss)
582 silly packumentCache full:https://registry.npmjs.org/lightningcss-win32-x64-msvc set size:undefined disposed:false
583 silly fetch manifest lightningcss-win32-arm64-msvc@1.32.0
584 silly packumentCache full:https://registry.npmjs.org/lightningcss-win32-arm64-msvc cache-miss
585 http fetch GET 200 https://registry.npmjs.org/detect-libc 95ms (cache miss)
586 silly packumentCache full:https://registry.npmjs.org/detect-libc set size:undefined disposed:false
587 silly fetch manifest lightningcss-linux-arm-gnueabihf@1.32.0
588 silly packumentCache full:https://registry.npmjs.org/lightningcss-linux-arm-gnueabihf cache-miss
589 http fetch GET 200 https://registry.npmjs.org/@jridgewell%2ftrace-mapping 100ms (cache miss)
590 silly packumentCache full:https://registry.npmjs.org/@jridgewell%2ftrace-mapping set size:undefined disposed:false
591 silly fetch manifest @jridgewell/sourcemap-codec@^1.5.5
592 silly packumentCache full:https://registry.npmjs.org/@jridgewell%2fsourcemap-codec cache-miss
593 http fetch GET 200 https://registry.npmjs.org/lightningcss-linux-arm64-gnu 36ms (cache miss)
594 silly packumentCache full:https://registry.npmjs.org/lightningcss-linux-arm64-gnu set size:undefined disposed:false
595 http fetch GET 200 https://registry.npmjs.org/lightningcss-linux-x64-musl 48ms (cache miss)
596 silly packumentCache full:https://registry.npmjs.org/lightningcss-linux-x64-musl set size:undefined disposed:false
597 http fetch GET 200 https://registry.npmjs.org/lightningcss-linux-arm-gnueabihf 20ms (cache miss)
598 silly packumentCache full:https://registry.npmjs.org/lightningcss-linux-arm-gnueabihf set size:undefined disposed:false
599 http fetch GET 200 https://registry.npmjs.org/lightningcss-linux-arm64-musl 34ms (cache miss)
600 silly packumentCache full:https://registry.npmjs.org/lightningcss-linux-arm64-musl set size:undefined disposed:false
601 http fetch GET 200 https://registry.npmjs.org/@jridgewell%2fsourcemap-codec 38ms (cache miss)
602 silly packumentCache full:https://registry.npmjs.org/@jridgewell%2fsourcemap-codec set size:undefined disposed:false
603 http fetch GET 200 https://registry.npmjs.org/lightningcss-win32-arm64-msvc 58ms (cache miss)
604 silly packumentCache full:https://registry.npmjs.org/lightningcss-win32-arm64-msvc set size:undefined disposed:false
605 http fetch GET 200 https://registry.npmjs.org/graceful-fs 228ms (cache miss)
606 silly packumentCache full:https://registry.npmjs.org/graceful-fs set size:undefined disposed:false
607 silly placeDep ROOT @jridgewell/gen-mapping@0.3.13 OK for: @jridgewell/remapping@2.3.5 want: ^0.3.5
608 silly placeDep ROOT @jridgewell/trace-mapping@0.3.31 OK for: @jridgewell/remapping@2.3.5 want: ^0.3.24
609 silly fetch manifest @jridgewell/sourcemap-codec@^1.5.0
610 silly packumentCache full:https://registry.npmjs.org/@jridgewell%2fsourcemap-codec cache-miss
611 silly fetch manifest @jridgewell/resolve-uri@^3.1.0
612 silly packumentCache full:https://registry.npmjs.org/@jridgewell%2fresolve-uri cache-miss
613 silly fetch manifest @jridgewell/sourcemap-codec@^1.4.14
614 silly packumentCache full:https://registry.npmjs.org/@jridgewell%2fsourcemap-codec cache-miss
615 http cache https://registry.npmjs.org/@jridgewell%2fsourcemap-codec 6ms (cache hit)
616 silly packumentCache full:https://registry.npmjs.org/@jridgewell%2fsourcemap-codec set size:65255 disposed:false
617 http cache https://registry.npmjs.org/@jridgewell%2fsourcemap-codec 6ms (cache hit)
618 silly packumentCache full:https://registry.npmjs.org/@jridgewell%2fsourcemap-codec set size:65255 disposed:false
619 silly packumentCache full:https://registry.npmjs.org/@jridgewell%2fsourcemap-codec dispose
620 http fetch GET 200 https://registry.npmjs.org/@jridgewell%2fresolve-uri 44ms (cache miss)
621 silly packumentCache full:https://registry.npmjs.org/@jridgewell%2fresolve-uri set size:undefined disposed:false
622 silly placeDep ROOT @jridgewell/sourcemap-codec@1.6.0 OK for: @jridgewell/gen-mapping@0.3.13 want: ^1.5.0
623 silly placeDep ROOT @jridgewell/resolve-uri@3.1.2 OK for: @jridgewell/trace-mapping@0.3.31 want: ^3.1.0
624 silly placeDep ROOT @tailwindcss/oxide-android-arm64@4.3.3 OK for: @tailwindcss/oxide@4.3.3 want: 4.3.3
625 silly placeDep ROOT @tailwindcss/oxide-darwin-arm64@4.3.3 OK for: @tailwindcss/oxide@4.3.3 want: 4.3.3
626 silly placeDep ROOT @tailwindcss/oxide-darwin-x64@4.3.3 OK for: @tailwindcss/oxide@4.3.3 want: 4.3.3
627 silly placeDep ROOT @tailwindcss/oxide-freebsd-x64@4.3.3 OK for: @tailwindcss/oxide@4.3.3 want: 4.3.3
628 silly placeDep ROOT @tailwindcss/oxide-linux-arm-gnueabihf@4.3.3 OK for: @tailwindcss/oxide@4.3.3 want: 4.3.3
629 silly placeDep ROOT @tailwindcss/oxide-linux-arm64-gnu@4.3.3 OK for: @tailwindcss/oxide@4.3.3 want: 4.3.3
630 silly placeDep ROOT @tailwindcss/oxide-linux-arm64-musl@4.3.3 OK for: @tailwindcss/oxide@4.3.3 want: 4.3.3
631 silly placeDep ROOT @tailwindcss/oxide-linux-x64-gnu@4.3.3 OK for: @tailwindcss/oxide@4.3.3 want: 4.3.3
632 silly placeDep ROOT @tailwindcss/oxide-linux-x64-musl@4.3.3 OK for: @tailwindcss/oxide@4.3.3 want: 4.3.3
633 silly placeDep ROOT @tailwindcss/oxide-wasm32-wasi@4.3.3 OK for: @tailwindcss/oxide@4.3.3 want: 4.3.3
634 silly placeDep ROOT @tailwindcss/oxide-win32-arm64-msvc@4.3.3 OK for: @tailwindcss/oxide@4.3.3 want: 4.3.3
635 silly placeDep ROOT @tailwindcss/oxide-win32-x64-msvc@4.3.3 OK for: @tailwindcss/oxide@4.3.3 want: 4.3.3
636 silly fetch manifest react@>=18.0.0 || >=19.0.0
637 silly packumentCache full:https://registry.npmjs.org/react cache-miss
638 http cache https://registry.npmjs.org/react 14ms (cache hit)
639 silly packumentCache full:https://registry.npmjs.org/react set size:7006748 disposed:false
640 silly fetch manifest react-dom@>=18.0.0 || >=19.0.0
641 silly packumentCache full:https://registry.npmjs.org/react-dom cache-miss
642 http cache https://registry.npmjs.org/react-dom 32ms (cache hit)
643 silly packumentCache full:https://registry.npmjs.org/react-dom set size:9440025 disposed:false
644 silly placeDep ROOT @tanstack/history@1.162.4 OK for: @tanstack/react-router@1.170.40 want: 1.162.4
645 silly placeDep ROOT @tanstack/react-store@0.11.1 OK for: @tanstack/react-router@1.170.40 want: ^0.11.0
646 silly placeDep ROOT @tanstack/router-core@1.171.33 OK for: @tanstack/react-router@1.170.40 want: 1.171.33
647 silly placeDep ROOT isbot@5.2.2 OK for: @tanstack/react-router@1.170.40 want: ^5.1.22
648 silly fetch manifest @tanstack/store@0.11.1
649 silly packumentCache full:https://registry.npmjs.org/@tanstack%2fstore cache-miss
650 silly fetch manifest use-sync-external-store@^1.6.0
651 silly packumentCache full:https://registry.npmjs.org/use-sync-external-store cache-miss
652 silly fetch manifest seroval@^1.6.7
653 silly packumentCache full:https://registry.npmjs.org/seroval cache-miss
654 silly fetch manifest cookie-es@^3.0.0
655 silly packumentCache full:https://registry.npmjs.org/cookie-es cache-miss
656 silly fetch manifest seroval-plugins@^1.6.7
657 silly packumentCache full:https://registry.npmjs.org/seroval-plugins cache-miss
658 http fetch GET 200 https://registry.npmjs.org/cookie-es 28ms (cache miss)
659 silly packumentCache full:https://registry.npmjs.org/cookie-es set size:undefined disposed:false
660 http fetch GET 200 https://registry.npmjs.org/seroval 45ms (cache miss)
661 silly packumentCache full:https://registry.npmjs.org/seroval set size:undefined disposed:false
662 http fetch GET 200 https://registry.npmjs.org/seroval-plugins 58ms (cache miss)
663 silly packumentCache full:https://registry.npmjs.org/seroval-plugins set size:undefined disposed:false
664 http fetch GET 200 https://registry.npmjs.org/use-sync-external-store 138ms (cache miss)
665 silly packumentCache full:https://registry.npmjs.org/use-sync-external-store set size:undefined disposed:false
666 http fetch GET 200 https://registry.npmjs.org/@tanstack%2fstore 229ms (cache miss)
667 silly packumentCache full:https://registry.npmjs.org/@tanstack%2fstore set size:undefined disposed:false
668 silly fetch manifest react@^16.8.0 || ^17.0.0 || ^18.0.0 || ^19.0.0
669 silly packumentCache full:https://registry.npmjs.org/react cache-miss
670 http cache https://registry.npmjs.org/react 15ms (cache hit)
671 silly packumentCache full:https://registry.npmjs.org/react set size:7006748 disposed:false
672 silly placeDep ROOT @tanstack/store@0.11.1 OK for: @tanstack/react-store@0.11.1 want: 0.11.1
673 silly placeDep ROOT use-sync-external-store@1.7.0 OK for: @tanstack/react-store@0.11.1 want: ^1.6.0
674 silly placeDep ROOT cookie-es@3.1.1 OK for: @tanstack/router-core@1.171.33 want: ^3.0.0
675 silly placeDep ROOT seroval@1.6.7 OK for: @tanstack/router-core@1.171.33 want: ^1.6.7
676 silly placeDep ROOT seroval-plugins@1.6.7 OK for: @tanstack/router-core@1.171.33 want: ^1.6.7
677 silly fetch manifest @farmfe/core@*
678 silly packumentCache full:https://registry.npmjs.org/@farmfe%2fcore cache-miss
679 http fetch GET 200 https://registry.npmjs.org/@farmfe%2fcore 117ms (cache miss)
680 silly packumentCache full:https://registry.npmjs.org/@farmfe%2fcore set size:undefined disposed:false
681 silly fetch manifest @rspack/core@*
682 silly packumentCache full:https://registry.npmjs.org/@rspack%2fcore cache-miss
683 http fetch GET 200 https://registry.npmjs.org/@rspack%2fcore 511ms (cache miss)
684 silly packumentCache full:https://registry.npmjs.org/@rspack%2fcore set size:undefined disposed:false
685 silly fetch manifest @module-federation/runtime-tools@^0.24.1 || ^2.0.0
686 silly packumentCache full:https://registry.npmjs.org/@module-federation%2fruntime-tools cache-miss
687 http fetch GET 200 https://registry.npmjs.org/@module-federation%2fruntime-tools 128ms (cache miss)
688 silly packumentCache full:https://registry.npmjs.org/@module-federation%2fruntime-tools set size:undefined disposed:false
689 silly fetch manifest @swc/helpers@^0.5.23
690 silly packumentCache full:https://registry.npmjs.org/@swc%2fhelpers cache-miss
691 http fetch GET 200 https://registry.npmjs.org/@swc%2fhelpers 70ms (cache miss)
692 silly packumentCache full:https://registry.npmjs.org/@swc%2fhelpers set size:undefined disposed:false
693 silly fetch manifest bun-types-no-globals@*
694 silly packumentCache full:https://registry.npmjs.org/bun-types-no-globals cache-miss
695 http fetch GET 200 https://registry.npmjs.org/bun-types-no-globals 65ms (cache miss)
696 silly packumentCache full:https://registry.npmjs.org/bun-types-no-globals set size:undefined disposed:false
697 silly fetch manifest esbuild@*
698 silly packumentCache full:https://registry.npmjs.org/esbuild cache-miss
699 http cache https://registry.npmjs.org/esbuild 7ms (cache hit)
700 silly packumentCache full:https://registry.npmjs.org/esbuild set size:1264676 disposed:false
701 silly fetch manifest rolldown@*
702 silly packumentCache full:https://registry.npmjs.org/rolldown cache-miss
703 http cache https://registry.npmjs.org/rolldown 10ms (cache hit)
704 silly packumentCache full:https://registry.npmjs.org/rolldown set size:3834881 disposed:false
705 silly fetch manifest rollup@*
706 silly packumentCache full:https://registry.npmjs.org/rollup cache-miss
707 http fetch GET 200 https://registry.npmjs.org/rollup 132ms (cache miss)
708 silly packumentCache full:https://registry.npmjs.org/rollup set size:undefined disposed:false
709 silly fetch manifest unloader@*
710 silly packumentCache full:https://registry.npmjs.org/unloader cache-miss
711 http fetch GET 200 https://registry.npmjs.org/unloader 40ms (cache miss)
712 silly packumentCache full:https://registry.npmjs.org/unloader set size:undefined disposed:false
713 silly fetch manifest vite@>=5.0.0 || >=6.0.0 || >=7.0.0 || >=8.0.0
714 silly packumentCache full:https://registry.npmjs.org/vite cache-miss
715 http cache https://registry.npmjs.org/vite 183ms (cache hit)
716 silly packumentCache full:https://registry.npmjs.org/vite set size:38950704 disposed:false
717 silly placeDep ROOT @babel/core@7.29.7 OK for: @tanstack/router-plugin@1.168.41 want: ^7.29.7
718 silly placeDep ROOT @babel/template@7.29.7 OK for: @tanstack/router-plugin@1.168.41 want: ^7.29.7
719 silly placeDep ROOT @babel/types@7.29.8 OK for: @tanstack/router-plugin@1.168.41 want: ^7.29.8
720 silly placeDep ROOT @tanstack/router-generator@1.167.39 OK for: @tanstack/router-plugin@1.168.41 want: 1.167.39
721 silly placeDep ROOT @tanstack/router-utils@1.162.3 OK for: @tanstack/router-plugin@1.168.41 want: 1.162.3
722 silly placeDep ROOT chokidar@5.0.0 OK for: @tanstack/router-plugin@1.168.41 want: ^5.0.0
723 silly placeDep ROOT unplugin@3.4.0 OK for: @tanstack/router-plugin@1.168.41 want: ^3.3.0
724 silly placeDep ROOT zod@4.6.5 OK for: @tanstack/router-plugin@1.168.41 want: ^4.5.4
725 silly fetch manifest debug@^4.1.0
726 silly packumentCache full:https://registry.npmjs.org/debug cache-miss
727 silly fetch manifest json5@^2.2.3
728 silly packumentCache full:https://registry.npmjs.org/json5 cache-miss
729 silly fetch manifest semver@^6.3.1
730 silly packumentCache full:https://registry.npmjs.org/semver cache-miss
731 silly fetch manifest gensync@^1.0.0-beta.2
732 silly packumentCache full:https://registry.npmjs.org/gensync cache-miss
733 silly fetch manifest @babel/types@^7.29.7
734 silly packumentCache full:https://registry.npmjs.org/@babel%2ftypes cache-miss
735 silly fetch manifest @babel/parser@^7.29.7
736 silly packumentCache full:https://registry.npmjs.org/@babel%2fparser cache-miss
737 silly fetch manifest @babel/helpers@^7.29.7
738 silly packumentCache full:https://registry.npmjs.org/@babel%2fhelpers cache-miss
739 http cache https://registry.npmjs.org/@babel%2ftypes 12ms (cache hit)
740 silly packumentCache full:https://registry.npmjs.org/@babel%2ftypes set size:507562 disposed:false
741 silly fetch manifest @babel/traverse@^7.29.7
742 silly packumentCache full:https://registry.npmjs.org/@babel%2ftraverse cache-miss
743 http fetch GET 200 https://registry.npmjs.org/gensync 62ms (cache miss)
744 silly packumentCache full:https://registry.npmjs.org/gensync set size:undefined disposed:false
745 silly fetch manifest @babel/generator@^7.29.7
746 silly packumentCache full:https://registry.npmjs.org/@babel%2fgenerator cache-miss
747 http fetch GET 200 https://registry.npmjs.org/json5 68ms (cache miss)
748 silly packumentCache full:https://registry.npmjs.org/json5 set size:undefined disposed:false
749 silly fetch manifest @babel/code-frame@^7.29.7
750 silly packumentCache full:https://registry.npmjs.org/@babel%2fcode-frame cache-miss
751 http fetch GET 200 https://registry.npmjs.org/semver 72ms (cache miss)
752 silly packumentCache full:https://registry.npmjs.org/semver set size:undefined disposed:false
753 silly fetch manifest convert-source-map@^2.0.0
754 silly packumentCache full:https://registry.npmjs.org/convert-source-map cache-miss
755 http fetch GET 200 https://registry.npmjs.org/debug 78ms (cache miss)
756 silly packumentCache full:https://registry.npmjs.org/debug set size:undefined disposed:false
757 silly fetch manifest @babel/helper-module-transforms@^7.29.7
758 silly packumentCache full:https://registry.npmjs.org/@babel%2fhelper-module-transforms cache-miss
759 http fetch GET 200 https://registry.npmjs.org/@babel%2fhelpers 82ms (cache miss)
760 silly packumentCache full:https://registry.npmjs.org/@babel%2fhelpers set size:undefined disposed:false
761 silly fetch manifest @babel/helper-compilation-targets@^7.29.7
762 silly packumentCache full:https://registry.npmjs.org/@babel%2fhelper-compilation-targets cache-miss
763 http fetch GET 200 https://registry.npmjs.org/convert-source-map 20ms (cache miss)
764 silly packumentCache full:https://registry.npmjs.org/convert-source-map set size:undefined disposed:false
765 silly fetch manifest @babel/parser@^7.29.7
766 silly packumentCache full:https://registry.npmjs.org/@babel%2fparser cache-miss
767 http fetch GET 200 https://registry.npmjs.org/@babel%2fparser 97ms (cache miss)
768 silly packumentCache full:https://registry.npmjs.org/@babel%2fparser set size:undefined disposed:false
769 silly fetch manifest @babel/code-frame@^7.29.7
770 silly packumentCache full:https://registry.npmjs.org/@babel%2fcode-frame cache-miss
771 http fetch GET 200 https://registry.npmjs.org/@babel%2fcode-frame 51ms (cache miss)
772 silly packumentCache full:https://registry.npmjs.org/@babel%2fcode-frame set size:undefined disposed:false
773 silly fetch manifest @babel/helper-string-parser@^7.29.7
774 silly packumentCache full:https://registry.npmjs.org/@babel%2fhelper-string-parser cache-miss
775 http fetch GET 200 https://registry.npmjs.org/@babel%2ftraverse 112ms (cache miss)
776 silly packumentCache full:https://registry.npmjs.org/@babel%2ftraverse set size:undefined disposed:false
777 silly fetch manifest @babel/helper-validator-identifier@^7.29.7
778 silly packumentCache full:https://registry.npmjs.org/@babel%2fhelper-validator-identifier cache-miss
779 http fetch GET 200 https://registry.npmjs.org/@babel%2fgenerator 76ms (cache miss)
780 silly packumentCache full:https://registry.npmjs.org/@babel%2fgenerator set size:undefined disposed:false
781 silly fetch manifest prettier@^3.9.6
782 silly packumentCache full:https://registry.npmjs.org/prettier cache-miss
783 http fetch GET 200 https://registry.npmjs.org/@babel%2fcode-frame 43ms (cache miss)
784 silly packumentCache full:https://registry.npmjs.org/@babel%2fcode-frame set size:undefined disposed:false
785 silly fetch manifest @tanstack/virtual-file-routes@1.162.0
786 silly packumentCache full:https://registry.npmjs.org/@tanstack%2fvirtual-file-routes cache-miss
787 http fetch GET 200 https://registry.npmjs.org/@babel%2fhelper-module-transforms 71ms (cache miss)
788 silly packumentCache full:https://registry.npmjs.org/@babel%2fhelper-module-transforms set size:undefined disposed:false
789 silly fetch manifest diff@^8.0.4
790 silly packumentCache full:https://registry.npmjs.org/diff cache-miss
791 http fetch GET 200 https://registry.npmjs.org/@babel%2fhelper-compilation-targets 71ms (cache miss)
792 silly packumentCache full:https://registry.npmjs.org/@babel%2fhelper-compilation-targets set size:undefined disposed:false
793 silly fetch manifest ansis@^4.3.1
794 silly packumentCache full:https://registry.npmjs.org/ansis cache-miss
795 http fetch GET 200 https://registry.npmjs.org/@babel%2fhelper-string-parser 45ms (cache miss)
796 silly packumentCache full:https://registry.npmjs.org/@babel%2fhelper-string-parser set size:undefined disposed:false
797 silly fetch manifest pathe@^2.0.3
798 silly packumentCache full:https://registry.npmjs.org/pathe cache-miss
799 http fetch GET 200 https://registry.npmjs.org/@babel%2fparser 81ms (cache miss)
800 silly packumentCache full:https://registry.npmjs.org/@babel%2fparser set size:undefined disposed:false
801 silly fetch manifest @babel/parser@^7.29.8
802 silly packumentCache full:https://registry.npmjs.org/@babel%2fparser cache-miss
803 http cache https://registry.npmjs.org/@babel%2fparser 8ms (cache hit)
804 silly packumentCache full:https://registry.npmjs.org/@babel%2fparser set size:745724 disposed:false
805 silly fetch manifest @babel/generator@^7.29.8
806 silly packumentCache full:https://registry.npmjs.org/@babel%2fgenerator cache-miss
807 http fetch GET 200 https://registry.npmjs.org/@babel%2fhelper-validator-identifier 62ms (cache miss)
808 silly packumentCache full:https://registry.npmjs.org/@babel%2fhelper-validator-identifier set size:undefined disposed:false
809 silly fetch manifest babel-dead-code-elimination@^1.0.12
810 silly packumentCache full:https://registry.npmjs.org/babel-dead-code-elimination cache-miss
811 http fetch GET 200 https://registry.npmjs.org/diff 48ms (cache miss)
812 silly packumentCache full:https://registry.npmjs.org/diff set size:undefined disposed:false
813 silly fetch manifest readdirp@^5.0.0
814 silly packumentCache full:https://registry.npmjs.org/readdirp cache-miss
815 http cache https://registry.npmjs.org/@babel%2fgenerator 14ms (cache hit)
816 silly packumentCache full:https://registry.npmjs.org/@babel%2fgenerator set size:527796 disposed:false
817 silly fetch manifest webpack-virtual-modules@^0.6.2
818 silly packumentCache full:https://registry.npmjs.org/webpack-virtual-modules cache-miss
819 http fetch GET 200 https://registry.npmjs.org/ansis 58ms (cache miss)
820 silly packumentCache full:https://registry.npmjs.org/ansis set size:undefined disposed:false
821 http fetch GET 200 https://registry.npmjs.org/prettier 79ms (cache miss)
822 silly packumentCache full:https://registry.npmjs.org/prettier set size:undefined disposed:false
823 http fetch GET 200 https://registry.npmjs.org/pathe 60ms (cache miss)
824 silly packumentCache full:https://registry.npmjs.org/pathe set size:undefined disposed:false
825 http fetch GET 200 https://registry.npmjs.org/babel-dead-code-elimination 33ms (cache miss)
826 silly packumentCache full:https://registry.npmjs.org/babel-dead-code-elimination set size:undefined disposed:false
827 http fetch GET 200 https://registry.npmjs.org/readdirp 35ms (cache miss)
828 silly packumentCache full:https://registry.npmjs.org/readdirp set size:undefined disposed:false
829 http fetch GET 200 https://registry.npmjs.org/webpack-virtual-modules 32ms (cache miss)
830 silly packumentCache full:https://registry.npmjs.org/webpack-virtual-modules set size:undefined disposed:false
831 http fetch GET 200 https://registry.npmjs.org/@tanstack%2fvirtual-file-routes 217ms (cache miss)
832 silly packumentCache full:https://registry.npmjs.org/@tanstack%2fvirtual-file-routes set size:undefined disposed:false
833 silly fetch manifest @babel/core@^7.0.0
834 silly packumentCache full:https://registry.npmjs.org/@babel%2fcore cache-hit
835 silly placeDep ROOT @babel/code-frame@7.29.7 OK for: @babel/core@7.29.7 want: ^7.29.7
836 silly placeDep ROOT @babel/generator@7.29.8 OK for: @babel/core@7.29.7 want: ^7.29.7
837 silly placeDep ROOT @babel/helper-compilation-targets@7.29.7 OK for: @babel/core@7.29.7 want: ^7.29.7
838 silly placeDep ROOT @babel/helper-module-transforms@7.29.7 OK for: @babel/core@7.29.7 want: ^7.29.7
839 silly placeDep ROOT @babel/helpers@7.29.7 OK for: @babel/core@7.29.7 want: ^7.29.7
840 silly placeDep ROOT @babel/parser@7.29.9 OK for: @babel/core@7.29.7 want: ^7.29.7
841 silly placeDep ROOT @babel/traverse@7.29.8 OK for: @babel/core@7.29.7 want: ^7.29.7
842 silly placeDep ROOT convert-source-map@2.0.0 OK for: @babel/core@7.29.7 want: ^2.0.0
843 silly placeDep ROOT debug@4.4.3 OK for: @babel/core@7.29.7 want: ^4.1.0
844 silly placeDep ROOT gensync@1.0.0-beta.2 OK for: @babel/core@7.29.7 want: ^1.0.0-beta.2
845 silly placeDep ROOT json5@2.2.3 OK for: @babel/core@7.29.7 want: ^2.2.3
846 silly placeDep ROOT semver@6.3.1 OK for: @babel/core@7.29.7 want: ^6.3.1
847 silly fetch manifest js-tokens@^4.0.0
848 silly packumentCache full:https://registry.npmjs.org/js-tokens cache-miss
849 silly fetch manifest picocolors@^1.1.1
850 silly packumentCache full:https://registry.npmjs.org/picocolors cache-miss
851 silly fetch manifest jsesc@^3.0.2
852 silly packumentCache full:https://registry.npmjs.org/jsesc cache-miss
853 silly fetch manifest lru-cache@^5.1.1
854 silly packumentCache full:https://registry.npmjs.org/lru-cache cache-miss
855 silly fetch manifest browserslist@^4.24.0
856 silly packumentCache full:https://registry.npmjs.org/browserslist cache-miss
857 silly fetch manifest @babel/compat-data@^7.29.7
858 silly packumentCache full:https://registry.npmjs.org/@babel%2fcompat-data cache-miss
859 silly fetch manifest @babel/helper-validator-option@^7.29.7
860 silly packumentCache full:https://registry.npmjs.org/@babel%2fhelper-validator-option cache-miss
861 http fetch GET 200 https://registry.npmjs.org/picocolors 32ms (cache miss)
862 silly packumentCache full:https://registry.npmjs.org/picocolors set size:undefined disposed:false
863 silly fetch manifest @babel/helper-module-imports@^7.29.7
864 silly packumentCache full:https://registry.npmjs.org/@babel%2fhelper-module-imports cache-miss
865 http fetch GET 200 https://registry.npmjs.org/js-tokens 36ms (cache miss)
866 silly packumentCache full:https://registry.npmjs.org/js-tokens set size:undefined disposed:false
867 silly fetch manifest debug@^4.3.1
868 silly packumentCache full:https://registry.npmjs.org/debug cache-miss
869 http fetch GET 200 https://registry.npmjs.org/@babel%2fhelper-validator-option 40ms (cache miss)
870 silly packumentCache full:https://registry.npmjs.org/@babel%2fhelper-validator-option set size:undefined disposed:false
871 silly fetch manifest @babel/helper-globals@^7.29.7
872 silly packumentCache full:https://registry.npmjs.org/@babel%2fhelper-globals cache-miss
873 http cache https://registry.npmjs.org/debug 9ms (cache hit)
874 silly packumentCache full:https://registry.npmjs.org/debug set size:195840 disposed:false
875 silly fetch manifest ms@^2.1.3
876 silly packumentCache full:https://registry.npmjs.org/ms cache-miss
877 http fetch GET 200 https://registry.npmjs.org/jsesc 50ms (cache miss)
878 silly packumentCache full:https://registry.npmjs.org/jsesc set size:undefined disposed:false
879 http fetch GET 200 https://registry.npmjs.org/@babel%2fcompat-data 54ms (cache miss)
880 silly packumentCache full:https://registry.npmjs.org/@babel%2fcompat-data set size:undefined disposed:false
881 http fetch GET 200 https://registry.npmjs.org/lru-cache 68ms (cache miss)
882 silly packumentCache full:https://registry.npmjs.org/lru-cache set size:undefined disposed:false
883 http fetch GET 200 https://registry.npmjs.org/browserslist 73ms (cache miss)
884 silly packumentCache full:https://registry.npmjs.org/browserslist set size:undefined disposed:false
885 http fetch GET 200 https://registry.npmjs.org/ms 31ms (cache miss)
886 silly packumentCache full:https://registry.npmjs.org/ms set size:undefined disposed:false
887 http fetch GET 200 https://registry.npmjs.org/@babel%2fhelper-globals 41ms (cache miss)
888 silly packumentCache full:https://registry.npmjs.org/@babel%2fhelper-globals set size:undefined disposed:false
889 http fetch GET 200 https://registry.npmjs.org/@babel%2fhelper-module-imports 52ms (cache miss)
890 silly packumentCache full:https://registry.npmjs.org/@babel%2fhelper-module-imports set size:undefined disposed:false
891 silly placeDep ROOT @babel/helper-validator-identifier@7.29.7 OK for: @babel/code-frame@7.29.7 want: ^7.29.7
892 silly placeDep ROOT js-tokens@4.0.0 OK for: @babel/code-frame@7.29.7 want: ^4.0.0
893 silly placeDep ROOT picocolors@1.1.1 OK for: @babel/code-frame@7.29.7 want: ^1.1.1
894 silly placeDep ROOT jsesc@3.1.0 OK for: @babel/generator@7.29.8 want: ^3.0.2
895 silly placeDep ROOT @babel/compat-data@7.29.7 OK for: @babel/helper-compilation-targets@7.29.7 want: ^7.29.7
896 silly placeDep ROOT @babel/helper-validator-option@7.29.7 OK for: @babel/helper-compilation-targets@7.29.7 want: ^7.29.7
897 silly placeDep ROOT browserslist@4.29.2 OK for: @babel/helper-compilation-targets@7.29.7 want: ^4.24.0
898 silly placeDep ROOT lru-cache@5.1.1 OK for: @babel/helper-compilation-targets@7.29.7 want: ^5.1.1
899 silly fetch manifest caniuse-lite@^1.0.30001812
900 silly packumentCache full:https://registry.npmjs.org/caniuse-lite cache-miss
901 silly fetch manifest node-releases@^2.0.57
902 silly packumentCache full:https://registry.npmjs.org/node-releases cache-miss
903 silly fetch manifest electron-to-chromium@^1.5.439
904 silly packumentCache full:https://registry.npmjs.org/electron-to-chromium cache-miss
905 silly fetch manifest update-browserslist-db@^1.3.3
906 silly packumentCache full:https://registry.npmjs.org/update-browserslist-db cache-miss
907 silly fetch manifest baseline-browser-mapping@^2.11.26
908 silly packumentCache full:https://registry.npmjs.org/baseline-browser-mapping cache-miss
909 silly fetch manifest yallist@^3.0.2
910 silly packumentCache full:https://registry.npmjs.org/yallist cache-miss
911 http fetch GET 200 https://registry.npmjs.org/yallist 37ms (cache miss)
912 silly packumentCache full:https://registry.npmjs.org/yallist set size:undefined disposed:false
913 http fetch GET 200 https://registry.npmjs.org/update-browserslist-db 38ms (cache miss)
914 silly packumentCache full:https://registry.npmjs.org/update-browserslist-db set size:undefined disposed:false
915 http fetch GET 200 https://registry.npmjs.org/baseline-browser-mapping 39ms (cache miss)
916 silly packumentCache full:https://registry.npmjs.org/baseline-browser-mapping set size:undefined disposed:false
917 http fetch GET 200 https://registry.npmjs.org/node-releases 59ms (cache miss)
918 silly packumentCache full:https://registry.npmjs.org/node-releases set size:undefined disposed:false
919 http fetch GET 200 https://registry.npmjs.org/caniuse-lite 89ms (cache miss)
920 silly packumentCache full:https://registry.npmjs.org/caniuse-lite set size:undefined disposed:false
921 http fetch GET 200 https://registry.npmjs.org/electron-to-chromium 244ms (cache miss)
922 silly packumentCache full:https://registry.npmjs.org/electron-to-chromium set size:undefined disposed:false
923 silly placeDep ROOT @babel/helper-module-imports@7.29.7 OK for: @babel/helper-module-transforms@7.29.7 want: ^7.29.7
924 silly placeDep ROOT @babel/helper-globals@7.29.7 OK for: @babel/traverse@7.29.8 want: ^7.29.7
925 silly placeDep ROOT @babel/helper-string-parser@7.29.7 OK for: @babel/types@7.29.8 want: ^7.29.7
926 silly placeDep ROOT @tanstack/virtual-file-routes@1.162.0 OK for: @tanstack/router-generator@1.167.39 want: 1.162.0
927 silly placeDep ROOT prettier@3.9.9 OK for: @tanstack/router-generator@1.167.39 want: ^3.9.6
928 silly placeDep ROOT ansis@4.4.0 OK for: @tanstack/router-utils@1.162.3 want: ^4.3.1
929 silly placeDep ROOT babel-dead-code-elimination@1.0.12 OK for: @tanstack/router-utils@1.162.3 want: ^1.0.12
930 silly placeDep ROOT diff@8.0.4 OK for: @tanstack/router-utils@1.162.3 want: ^8.0.4
931 silly placeDep ROOT pathe@2.0.3 OK for: @tanstack/router-utils@1.162.3 want: ^2.0.3
932 silly placeDep ROOT tinyglobby@0.2.17 OK for: @tanstack/router-utils@1.162.3 want: ^0.2.17
933 silly fetch manifest fdir@^6.5.0
934 silly packumentCache full:https://registry.npmjs.org/fdir cache-miss
935 silly fetch manifest picomatch@^4.0.4
936 silly packumentCache full:https://registry.npmjs.org/picomatch cache-miss
937 http cache https://registry.npmjs.org/picomatch 4ms (cache hit)
938 silly packumentCache full:https://registry.npmjs.org/picomatch set size:134451 disposed:false
939 http fetch GET 200 https://registry.npmjs.org/fdir 39ms (cache miss)
940 silly packumentCache full:https://registry.npmjs.org/fdir set size:undefined disposed:false
941 silly placeDep ROOT csstype@3.2.3 OK for: @types/react@19.3.0 want: ^3.2.2
942 silly placeDep ROOT @babel/plugin-transform-react-jsx-self@7.29.7 OK for: @vitejs/plugin-react@5.2.0 want: ^7.27.1
943 silly placeDep ROOT @babel/plugin-transform-react-jsx-source@7.29.7 OK for: @vitejs/plugin-react@5.2.0 want: ^7.27.1
944 silly placeDep ROOT @rolldown/pluginutils@1.0.0-rc.3 OK for: @vitejs/plugin-react@5.2.0 want: 1.0.0-rc.3
945 silly placeDep ROOT @types/babel__core@7.20.5 OK for: @vitejs/plugin-react@5.2.0 want: ^7.20.5
946 silly placeDep ROOT react-refresh@0.18.0 OK for: @vitejs/plugin-react@5.2.0 want: ^0.18.0
947 silly fetch manifest @babel/helper-plugin-utils@^7.29.7
948 silly packumentCache full:https://registry.npmjs.org/@babel%2fhelper-plugin-utils cache-miss
949 silly fetch manifest @babel/helper-plugin-utils@^7.29.7
950 silly packumentCache full:https://registry.npmjs.org/@babel%2fhelper-plugin-utils cache-miss
951 silly fetch manifest @types/babel__template@*
952 silly packumentCache full:https://registry.npmjs.org/@types%2fbabel__template cache-miss
953 silly fetch manifest @types/babel__traverse@*
954 silly packumentCache full:https://registry.npmjs.org/@types%2fbabel__traverse cache-miss
955 silly fetch manifest @types/babel__generator@*
956 silly packumentCache full:https://registry.npmjs.org/@types%2fbabel__generator cache-miss
957 http fetch GET 200 https://registry.npmjs.org/@babel%2fhelper-plugin-utils 32ms (cache miss)
958 silly packumentCache full:https://registry.npmjs.org/@babel%2fhelper-plugin-utils set size:undefined disposed:false
959 http fetch GET 200 https://registry.npmjs.org/@types%2fbabel__generator 37ms (cache miss)
960 silly packumentCache full:https://registry.npmjs.org/@types%2fbabel__generator set size:undefined disposed:false
961 http fetch GET 200 https://registry.npmjs.org/@types%2fbabel__template 41ms (cache miss)
962 silly packumentCache full:https://registry.npmjs.org/@types%2fbabel__template set size:undefined disposed:false
963 http fetch GET 200 https://registry.npmjs.org/@babel%2fhelper-plugin-utils 55ms (cache miss)
964 silly packumentCache full:https://registry.npmjs.org/@babel%2fhelper-plugin-utils set size:undefined disposed:false
965 http fetch GET 200 https://registry.npmjs.org/@types%2fbabel__traverse 125ms (cache miss)
966 silly packumentCache full:https://registry.npmjs.org/@types%2fbabel__traverse set size:undefined disposed:false
967 silly placeDep ROOT @babel/helper-plugin-utils@7.29.7 OK for: @babel/plugin-transform-react-jsx-self@7.29.7 want: ^7.29.7
968 silly placeDep ROOT @types/babel__generator@7.27.0 OK for: @types/babel__core@7.20.5 want: *
969 silly placeDep ROOT @types/babel__template@7.4.4 OK for: @types/babel__core@7.20.5 want: *
970 silly placeDep ROOT @types/babel__traverse@7.28.0 OK for: @types/babel__core@7.20.5 want: *
971 silly fetch manifest browserslist@>= 4.21.0
972 silly packumentCache full:https://registry.npmjs.org/browserslist cache-miss
973 http cache https://registry.npmjs.org/browserslist 4ms (cache hit)
974 silly packumentCache full:https://registry.npmjs.org/browserslist set size:528084 disposed:false
975 silly placeDep ROOT baseline-browser-mapping@2.11.26 OK for: browserslist@4.29.2 want: ^2.11.26
976 silly placeDep ROOT caniuse-lite@1.0.30001813 OK for: browserslist@4.29.2 want: ^1.0.30001812
977 silly placeDep ROOT electron-to-chromium@1.5.439 OK for: browserslist@4.29.2 want: ^1.5.439
978 silly placeDep ROOT node-releases@2.0.57 OK for: browserslist@4.29.2 want: ^2.0.57
979 silly placeDep ROOT update-browserslist-db@1.3.3 OK for: browserslist@4.29.2 want: ^1.3.3
980 silly fetch manifest escalade@^3.2.0
981 silly packumentCache full:https://registry.npmjs.org/escalade cache-miss
982 http fetch GET 200 https://registry.npmjs.org/escalade 33ms (cache miss)
983 silly packumentCache full:https://registry.npmjs.org/escalade set size:undefined disposed:false
984 silly placeDep ROOT readdirp@5.1.1 OK for: chokidar@5.0.0 want: ^5.0.0
985 silly placeDep ROOT ms@2.1.3 OK for: debug@4.4.3 want: ^2.1.3
986 silly placeDep ROOT graceful-fs@4.2.11 OK for: enhanced-resolve@5.25.1 want: ^4.2.4
987 silly placeDep ROOT tapable@2.3.3 OK for: enhanced-resolve@5.25.1 want: ^2.3.3
988 silly placeDep ROOT motion-dom@12.43.0 OK for: framer-motion@12.43.0 want: ^12.43.0
989 silly placeDep ROOT motion-utils@12.39.0 OK for: framer-motion@12.43.0 want: ^12.39.0
990 silly placeDep ROOT detect-libc@2.1.2 OK for: lightningcss@1.32.0 want: ^2.0.3
991 silly placeDep ROOT lightningcss-android-arm64@1.32.0 OK for: lightningcss@1.32.0 want: 1.32.0
992 silly placeDep ROOT lightningcss-darwin-arm64@1.32.0 OK for: lightningcss@1.32.0 want: 1.32.0
993 silly placeDep ROOT lightningcss-darwin-x64@1.32.0 OK for: lightningcss@1.32.0 want: 1.32.0
994 silly placeDep ROOT lightningcss-freebsd-x64@1.32.0 OK for: lightningcss@1.32.0 want: 1.32.0
995 silly placeDep ROOT lightningcss-linux-arm-gnueabihf@1.32.0 OK for: lightningcss@1.32.0 want: 1.32.0
996 silly placeDep ROOT lightningcss-linux-arm64-gnu@1.32.0 OK for: lightningcss@1.32.0 want: 1.32.0
997 silly placeDep ROOT lightningcss-linux-arm64-musl@1.32.0 OK for: lightningcss@1.32.0 want: 1.32.0
998 silly placeDep ROOT lightningcss-linux-x64-gnu@1.32.0 OK for: lightningcss@1.32.0 want: 1.32.0
999 silly placeDep ROOT lightningcss-linux-x64-musl@1.32.0 OK for: lightningcss@1.32.0 want: 1.32.0
1000 silly placeDep ROOT lightningcss-win32-arm64-msvc@1.32.0 OK for: lightningcss@1.32.0 want: 1.32.0
1001 silly placeDep ROOT lightningcss-win32-x64-msvc@1.32.0 OK for: lightningcss@1.32.0 want: 1.32.0
1002 silly placeDep ROOT yallist@3.1.1 OK for: lru-cache@5.1.1 want: ^3.0.2
1003 silly placeDep ROOT scheduler@0.28.0 OK for: react-dom@19.3.0 want: ^0.28.0
1004 silly placeDep ROOT fdir@6.5.0 OK for: tinyglobby@0.2.17 want: ^6.5.0
1005 silly placeDep ROOT picomatch@4.0.7 OK for: tinyglobby@0.2.17 want: ^4.0.4
1006 silly placeDep ROOT webpack-virtual-modules@0.6.2 OK for: unplugin@3.4.0 want: ^0.6.2
1007 silly placeDep ROOT escalade@3.2.0 OK for: update-browserslist-db@1.3.3 want: ^3.2.0
1008 silly placeDep ROOT fsevents@2.3.3 OK for: vite@8.3.1 want: ~2.3.3
1009 silly placeDep node_modules/vite lightningcss@1.33.0 OK for: vite@8.3.1 want: ^1.33.0
1010 silly placeDep ROOT postcss@8.5.28 OK for: vite@8.3.1 want: ^8.5.28
1011 silly placeDep ROOT rolldown@1.2.11 OK for: vite@8.3.1 want: ~1.2.9
1012 silly fetch manifest lightningcss-darwin-x64@1.33.0
1013 silly packumentCache full:https://registry.npmjs.org/lightningcss-darwin-x64 cache-miss
1014 silly fetch manifest lightningcss-linux-x64-gnu@1.33.0
1015 silly packumentCache full:https://registry.npmjs.org/lightningcss-linux-x64-gnu cache-miss
1016 silly fetch manifest lightningcss-win32-x64-msvc@1.33.0
1017 silly packumentCache full:https://registry.npmjs.org/lightningcss-win32-x64-msvc cache-miss
1018 silly fetch manifest lightningcss-win32-arm64-msvc@1.33.0
1019 silly packumentCache full:https://registry.npmjs.org/lightningcss-win32-arm64-msvc cache-miss
1020 silly fetch manifest lightningcss-darwin-arm64@1.33.0
1021 silly packumentCache full:https://registry.npmjs.org/lightningcss-darwin-arm64 cache-miss
1022 silly fetch manifest lightningcss-linux-arm64-gnu@1.33.0
1023 silly packumentCache full:https://registry.npmjs.org/lightningcss-linux-arm64-gnu cache-miss
1024 silly fetch manifest lightningcss-linux-arm-gnueabihf@1.33.0
1025 silly packumentCache full:https://registry.npmjs.org/lightningcss-linux-arm-gnueabihf cache-miss
1026 http cache https://registry.npmjs.org/lightningcss-linux-x64-gnu 9ms (cache hit)
1027 silly packumentCache full:https://registry.npmjs.org/lightningcss-linux-x64-gnu set size:81819 disposed:false
1028 silly fetch manifest lightningcss-linux-arm64-musl@1.33.0
1029 silly packumentCache full:https://registry.npmjs.org/lightningcss-linux-arm64-musl cache-miss
1030 http cache https://registry.npmjs.org/lightningcss-darwin-x64 11ms (cache hit)
1031 silly packumentCache full:https://registry.npmjs.org/lightningcss-darwin-x64 set size:80374 disposed:false
1032 silly fetch manifest lightningcss-linux-x64-musl@1.33.0
1033 silly packumentCache full:https://registry.npmjs.org/lightningcss-linux-x64-musl cache-miss
1034 http cache https://registry.npmjs.org/lightningcss-win32-x64-msvc 12ms (cache hit)
1035 silly packumentCache full:https://registry.npmjs.org/lightningcss-win32-x64-msvc set size:81347 disposed:false
1036 silly fetch manifest lightningcss-freebsd-x64@1.33.0
1037 silly packumentCache full:https://registry.npmjs.org/lightningcss-freebsd-x64 cache-miss
1038 http cache https://registry.npmjs.org/lightningcss-linux-arm64-gnu 13ms (cache hit)
1039 silly packumentCache full:https://registry.npmjs.org/lightningcss-linux-arm64-gnu set size:82397 disposed:false
1040 silly fetch manifest lightningcss-android-arm64@1.33.0
1041 silly packumentCache full:https://registry.npmjs.org/lightningcss-android-arm64 cache-miss
1042 http cache https://registry.npmjs.org/lightningcss-darwin-arm64 14ms (cache hit)
1043 silly packumentCache full:https://registry.npmjs.org/lightningcss-darwin-arm64 set size:80970 disposed:false
1044 silly fetch manifest nanoid@^3.3.18
1045 silly packumentCache full:https://registry.npmjs.org/nanoid cache-miss
1046 http cache https://registry.npmjs.org/lightningcss-linux-arm-gnueabihf 16ms (cache hit)
1047 silly packumentCache full:https://registry.npmjs.org/lightningcss-linux-arm-gnueabihf set size:82635 disposed:false
1048 silly fetch manifest @oxc-project/types@=0.151.0
1049 silly packumentCache full:https://registry.npmjs.org/@oxc-project%2ftypes cache-miss
1050 http cache https://registry.npmjs.org/lightningcss-win32-arm64-msvc 18ms (cache hit)
1051 silly packumentCache full:https://registry.npmjs.org/lightningcss-win32-arm64-msvc set size:28346 disposed:false
1052 silly fetch manifest @rolldown/pluginutils@^1.0.0
1053 silly packumentCache full:https://registry.npmjs.org/@rolldown%2fpluginutils cache-miss
1054 http cache https://registry.npmjs.org/lightningcss-linux-x64-musl 13ms (cache hit)
1055 silly packumentCache full:https://registry.npmjs.org/lightningcss-linux-x64-musl set size:82032 disposed:false
1056 silly fetch manifest @rolldown/binding-darwin-x64@1.2.11
1057 silly packumentCache full:https://registry.npmjs.org/@rolldown%2fbinding-darwin-x64 cache-miss
1058 http cache https://registry.npmjs.org/lightningcss-linux-arm64-musl 16ms (cache hit)
1059 silly packumentCache full:https://registry.npmjs.org/lightningcss-linux-arm64-musl set size:82617 disposed:false
1060 silly fetch manifest @rolldown/binding-freebsd-x64@1.2.11
1061 silly packumentCache full:https://registry.npmjs.org/@rolldown%2fbinding-freebsd-x64 cache-miss
1062 http cache https://registry.npmjs.org/@rolldown%2fpluginutils 8ms (cache hit)
1063 silly packumentCache full:https://registry.npmjs.org/@rolldown%2fpluginutils set size:300388 disposed:false
1064 silly fetch manifest @rolldown/binding-darwin-arm64@1.2.11
1065 silly packumentCache full:https://registry.npmjs.org/@rolldown%2fbinding-darwin-arm64 cache-miss
1066 http cache https://registry.npmjs.org/lightningcss-freebsd-x64 20ms (cache hit)
1067 silly packumentCache full:https://registry.npmjs.org/lightningcss-freebsd-x64 set size:44564 disposed:false
1068 silly fetch manifest @rolldown/binding-android-arm64@1.2.11
1069 silly packumentCache full:https://registry.npmjs.org/@rolldown%2fbinding-android-arm64 cache-miss
1070 http cache https://registry.npmjs.org/lightningcss-android-arm64 19ms (cache hit)
1071 silly packumentCache full:https://registry.npmjs.org/lightningcss-android-arm64 set size:9371 disposed:false
1072 silly fetch manifest @rolldown/binding-linux-x64-gnu@1.2.11
1073 silly packumentCache full:https://registry.npmjs.org/@rolldown%2fbinding-linux-x64-gnu cache-miss
1074 http fetch GET 200 https://registry.npmjs.org/nanoid 38ms (cache miss)
1075 silly packumentCache full:https://registry.npmjs.org/nanoid set size:undefined disposed:false
1076 silly fetch manifest @rolldown/binding-linux-x64-musl@1.2.11
1077 silly packumentCache full:https://registry.npmjs.org/@rolldown%2fbinding-linux-x64-musl cache-miss
1078 http fetch GET 200 https://registry.npmjs.org/@oxc-project%2ftypes 45ms (cache miss)
1079 silly packumentCache full:https://registry.npmjs.org/@oxc-project%2ftypes set size:undefined disposed:false
1080 silly fetch manifest @rolldown/binding-win32-x64-msvc@1.2.11
1081 silly packumentCache full:https://registry.npmjs.org/@rolldown%2fbinding-win32-x64-msvc cache-miss
1082 http fetch GET 200 https://registry.npmjs.org/@rolldown%2fbinding-freebsd-x64 68ms (cache miss)
1083 silly packumentCache full:https://registry.npmjs.org/@rolldown%2fbinding-freebsd-x64 set size:undefined disposed:false
1084 silly fetch manifest @rolldown/binding-linux-arm64-gnu@1.2.11
1085 silly packumentCache full:https://registry.npmjs.org/@rolldown%2fbinding-linux-arm64-gnu cache-miss
1086 http fetch GET 200 https://registry.npmjs.org/@rolldown%2fbinding-android-arm64 94ms (cache miss)
1087 silly packumentCache full:https://registry.npmjs.org/@rolldown%2fbinding-android-arm64 set size:undefined disposed:false
1088 silly fetch manifest @rolldown/binding-linux-ppc64-gnu@1.2.11
1089 silly packumentCache full:https://registry.npmjs.org/@rolldown%2fbinding-linux-ppc64-gnu cache-miss
1090 http fetch GET 200 https://registry.npmjs.org/@rolldown%2fbinding-linux-x64-gnu 108ms (cache miss)
1091 silly packumentCache full:https://registry.npmjs.org/@rolldown%2fbinding-linux-x64-gnu set size:undefined disposed:false
1092 silly fetch manifest @rolldown/binding-linux-s390x-gnu@1.2.11
1093 silly packumentCache full:https://registry.npmjs.org/@rolldown%2fbinding-linux-s390x-gnu cache-miss
1094 http fetch GET 200 https://registry.npmjs.org/@rolldown%2fbinding-darwin-x64 127ms (cache miss)
1095 silly packumentCache full:https://registry.npmjs.org/@rolldown%2fbinding-darwin-x64 set size:undefined disposed:false
1096 silly fetch manifest @rolldown/binding-android-arm-eabi@1.2.11
1097 silly packumentCache full:https://registry.npmjs.org/@rolldown%2fbinding-android-arm-eabi cache-miss
1098 http fetch GET 200 https://registry.npmjs.org/@rolldown%2fbinding-linux-ppc64-gnu 68ms (cache miss)
1099 silly packumentCache full:https://registry.npmjs.org/@rolldown%2fbinding-linux-ppc64-gnu set size:undefined disposed:false
1100 silly fetch manifest @rolldown/binding-linux-arm64-musl@1.2.11
1101 silly packumentCache full:https://registry.npmjs.org/@rolldown%2fbinding-linux-arm64-musl cache-miss
1102 http fetch GET 200 https://registry.npmjs.org/@rolldown%2fbinding-win32-x64-msvc 141ms (cache miss)
1103 silly packumentCache full:https://registry.npmjs.org/@rolldown%2fbinding-win32-x64-msvc set size:undefined disposed:false
1104 silly fetch manifest @rolldown/binding-win32-arm64-msvc@1.2.11
1105 silly packumentCache full:https://registry.npmjs.org/@rolldown%2fbinding-win32-arm64-msvc cache-miss
1106 http fetch GET 200 https://registry.npmjs.org/@rolldown%2fbinding-linux-x64-musl 159ms (cache miss)
1107 silly packumentCache full:https://registry.npmjs.org/@rolldown%2fbinding-linux-x64-musl set size:undefined disposed:false
1108 silly fetch manifest @rolldown/binding-openharmony-arm64@1.2.11
1109 silly packumentCache full:https://registry.npmjs.org/@rolldown%2fbinding-openharmony-arm64 cache-miss
1110 http fetch GET 200 https://registry.npmjs.org/@rolldown%2fbinding-darwin-arm64 195ms (cache miss)
1111 silly packumentCache full:https://registry.npmjs.org/@rolldown%2fbinding-darwin-arm64 set size:undefined disposed:false
1112 silly fetch manifest @rolldown/binding-linux-arm-gnueabihf@1.2.11
1113 silly packumentCache full:https://registry.npmjs.org/@rolldown%2fbinding-linux-arm-gnueabihf cache-miss
1114 http fetch GET 200 https://registry.npmjs.org/@rolldown%2fbinding-linux-s390x-gnu 86ms (cache miss)
1115 silly packumentCache full:https://registry.npmjs.org/@rolldown%2fbinding-linux-s390x-gnu set size:undefined disposed:false
1116 http fetch GET 200 https://registry.npmjs.org/@rolldown%2fbinding-linux-arm64-gnu 139ms (cache miss)
1117 silly packumentCache full:https://registry.npmjs.org/@rolldown%2fbinding-linux-arm64-gnu set size:undefined disposed:false
1118 http fetch GET 200 https://registry.npmjs.org/@rolldown%2fbinding-android-arm-eabi 102ms (cache miss)
1119 silly packumentCache full:https://registry.npmjs.org/@rolldown%2fbinding-android-arm-eabi set size:undefined disposed:false
1120 http fetch GET 200 https://registry.npmjs.org/@rolldown%2fbinding-linux-arm64-musl 73ms (cache miss)
1121 silly packumentCache full:https://registry.npmjs.org/@rolldown%2fbinding-linux-arm64-musl set size:undefined disposed:false
1122 http fetch GET 200 https://registry.npmjs.org/@rolldown%2fbinding-openharmony-arm64 83ms (cache miss)
1123 silly packumentCache full:https://registry.npmjs.org/@rolldown%2fbinding-openharmony-arm64 set size:undefined disposed:false
1124 http fetch GET 200 https://registry.npmjs.org/@rolldown%2fbinding-win32-arm64-msvc 116ms (cache miss)
1125 silly packumentCache full:https://registry.npmjs.org/@rolldown%2fbinding-win32-arm64-msvc set size:undefined disposed:false
1126 http fetch GET 200 https://registry.npmjs.org/@rolldown%2fbinding-linux-arm-gnueabihf 102ms (cache miss)
1127 silly packumentCache full:https://registry.npmjs.org/@rolldown%2fbinding-linux-arm-gnueabihf set size:undefined disposed:false
1128 silly placeDep ROOT nanoid@3.3.19 OK for: postcss@8.5.28 want: ^3.3.18
1129 silly placeDep ROOT @oxc-project/types@0.151.0 OK for: rolldown@1.2.11 want: =0.151.0
1130 silly placeDep ROOT @rolldown/binding-android-arm-eabi@1.2.11 OK for: rolldown@1.2.11 want: 1.2.11
1131 silly placeDep ROOT @rolldown/binding-android-arm64@1.2.11 OK for: rolldown@1.2.11 want: 1.2.11
1132 silly placeDep ROOT @rolldown/binding-darwin-arm64@1.2.11 OK for: rolldown@1.2.11 want: 1.2.11
1133 silly placeDep ROOT @rolldown/binding-darwin-x64@1.2.11 OK for: rolldown@1.2.11 want: 1.2.11
1134 silly placeDep ROOT @rolldown/binding-freebsd-x64@1.2.11 OK for: rolldown@1.2.11 want: 1.2.11
1135 silly placeDep ROOT @rolldown/binding-linux-arm-gnueabihf@1.2.11 OK for: rolldown@1.2.11 want: 1.2.11
1136 silly placeDep ROOT @rolldown/binding-linux-arm64-gnu@1.2.11 OK for: rolldown@1.2.11 want: 1.2.11
1137 silly placeDep ROOT @rolldown/binding-linux-arm64-musl@1.2.11 OK for: rolldown@1.2.11 want: 1.2.11
1138 silly placeDep ROOT @rolldown/binding-linux-ppc64-gnu@1.2.11 OK for: rolldown@1.2.11 want: 1.2.11
1139 silly placeDep ROOT @rolldown/binding-linux-s390x-gnu@1.2.11 OK for: rolldown@1.2.11 want: 1.2.11
1140 silly placeDep ROOT @rolldown/binding-linux-x64-gnu@1.2.11 OK for: rolldown@1.2.11 want: 1.2.11
1141 silly placeDep ROOT @rolldown/binding-linux-x64-musl@1.2.11 OK for: rolldown@1.2.11 want: 1.2.11
1142 silly placeDep ROOT @rolldown/binding-openharmony-arm64@1.2.11 OK for: rolldown@1.2.11 want: 1.2.11
1143 silly placeDep ROOT @rolldown/binding-win32-arm64-msvc@1.2.11 OK for: rolldown@1.2.11 want: 1.2.11
1144 silly placeDep ROOT @rolldown/binding-win32-x64-msvc@1.2.11 OK for: rolldown@1.2.11 want: 1.2.11
1145 silly placeDep node_modules/rolldown @rolldown/pluginutils@1.0.1 OK for: rolldown@1.2.11 want: ^1.0.0
1146 silly placeDep node_modules/vite lightningcss-android-arm64@1.33.0 OK for: lightningcss@1.33.0 want: 1.33.0
1147 silly placeDep node_modules/vite lightningcss-darwin-arm64@1.33.0 OK for: lightningcss@1.33.0 want: 1.33.0
1148 silly placeDep node_modules/vite lightningcss-darwin-x64@1.33.0 OK for: lightningcss@1.33.0 want: 1.33.0
1149 silly placeDep node_modules/vite lightningcss-freebsd-x64@1.33.0 OK for: lightningcss@1.33.0 want: 1.33.0
1150 silly placeDep node_modules/vite lightningcss-linux-arm-gnueabihf@1.33.0 OK for: lightningcss@1.33.0 want: 1.33.0
1151 silly placeDep node_modules/vite lightningcss-linux-arm64-gnu@1.33.0 OK for: lightningcss@1.33.0 want: 1.33.0
1152 silly placeDep node_modules/vite lightningcss-linux-arm64-musl@1.33.0 OK for: lightningcss@1.33.0 want: 1.33.0
1153 silly placeDep node_modules/vite lightningcss-linux-x64-gnu@1.33.0 OK for: lightningcss@1.33.0 want: 1.33.0
1154 silly placeDep node_modules/vite lightningcss-linux-x64-musl@1.33.0 OK for: lightningcss@1.33.0 want: 1.33.0
1155 silly placeDep node_modules/vite lightningcss-win32-arm64-msvc@1.33.0 OK for: lightningcss@1.33.0 want: 1.33.0
1156 silly placeDep node_modules/vite lightningcss-win32-x64-msvc@1.33.0 OK for: lightningcss@1.33.0 want: 1.33.0
1157 silly reify moves {}
1158 silly audit bulk request {
1158 silly audit   '@supabase/supabase-js': [ '2.117.2' ],
1158 silly audit   '@tailwindcss/vite': [ '4.3.3' ],
1158 silly audit   vite: [ '8.3.1' ],
1158 silly audit   '@tanstack/react-router': [ '1.170.40' ],
1158 silly audit   react: [ '19.3.0' ],
1158 silly audit   'react-dom': [ '19.3.0' ],
1158 silly audit   '@tanstack/router-plugin': [ '1.168.41' ],
1158 silly audit   '@types/react': [ '19.3.0' ],
1158 silly audit   '@types/react-dom': [ '19.3.0' ],
1158 silly audit   '@vitejs/plugin-react': [ '5.2.0' ],
1158 silly audit   'class-variance-authority': [ '0.7.1' ],
1158 silly audit   clsx: [ '2.1.1' ],
1158 silly audit   'framer-motion': [ '12.43.0' ],
1158 silly audit   'lucide-react': [ '0.548.0' ],
1158 silly audit   'tailwind-merge': [ '3.7.0' ],
1158 silly audit   tailwindcss: [ '4.3.3' ],
1158 silly audit   typescript: [ '5.9.3' ],
1158 silly audit   '@supabase/auth-js': [ '2.117.2' ],
1158 silly audit   '@supabase/functions-js': [ '2.117.2' ],
1158 silly audit   '@supabase/postgrest-js': [ '2.117.2' ],
1158 silly audit   '@supabase/realtime-js': [ '2.117.2' ],
1158 silly audit   '@supabase/storage-js': [ '2.117.2' ],
1158 silly audit   tslib: [ '2.8.1' ],
1158 silly audit   '@supabase/phoenix': [ '0.4.5' ],
1158 silly audit   'iceberg-js': [ '0.8.1' ],
1158 silly audit   '@tailwindcss/node': [ '4.3.3' ],
1158 silly audit   '@tailwindcss/oxide': [ '4.3.3' ],
1158 silly audit   '@jridgewell/remapping': [ '2.3.5' ],
1158 silly audit   'enhanced-resolve': [ '5.25.1' ],
1158 silly audit   jiti: [ '2.7.0' ],
1158 silly audit   lightningcss: [ '1.32.0', '1.33.0' ],
1158 silly audit   'magic-string': [ '0.30.21' ],
1158 silly audit   'source-map-js': [ '1.2.1' ],
1158 silly audit   '@jridgewell/gen-mapping': [ '0.3.13' ],
1158 silly audit   '@jridgewell/trace-mapping': [ '0.3.31' ],
1158 silly audit   '@jridgewell/sourcemap-codec': [ '1.6.0' ],
1158 silly audit   '@jridgewell/resolve-uri': [ '3.1.2' ],
1158 silly audit   '@tailwindcss/oxide-android-arm64': [ '4.3.3' ],
1158 silly audit   '@tailwindcss/oxide-darwin-arm64': [ '4.3.3' ],
1158 silly audit   '@tailwindcss/oxide-darwin-x64': [ '4.3.3' ],
1158 silly audit   '@tailwindcss/oxide-freebsd-x64': [ '4.3.3' ],
1158 silly audit   '@tailwindcss/oxide-linux-arm-gnueabihf': [ '4.3.3' ],
1158 silly audit   '@tailwindcss/oxide-linux-arm64-gnu': [ '4.3.3' ],
1158 silly audit   '@tailwindcss/oxide-linux-arm64-musl': [ '4.3.3' ],
1158 silly audit   '@tailwindcss/oxide-linux-x64-gnu': [ '4.3.3' ],
1158 silly audit   '@tailwindcss/oxide-linux-x64-musl': [ '4.3.3' ],
1158 silly audit   '@tailwindcss/oxide-wasm32-wasi': [ '4.3.3' ],
1158 silly audit   '@tailwindcss/oxide-win32-arm64-msvc': [ '4.3.3' ],
1158 silly audit   '@tailwindcss/oxide-win32-x64-msvc': [ '4.3.3' ],
1158 silly audit   '@tanstack/history': [ '1.162.4' ],
1158 silly audit   '@tanstack/react-store': [ '0.11.1' ],
1158 silly audit   '@tanstack/router-core': [ '1.171.33' ],
1158 silly audit   isbot: [ '5.2.2' ],
1158 silly audit   '@tanstack/store': [ '0.11.1' ],
1158 silly audit   'use-sync-external-store': [ '1.7.0' ],
1158 silly audit   'cookie-es': [ '3.1.1' ],
1158 silly audit   seroval: [ '1.6.7' ],
1158 silly audit   'seroval-plugins': [ '1.6.7' ],
1158 silly audit   '@babel/core': [ '7.29.7' ],
1158 silly audit   '@babel/template': [ '7.29.7' ],
1158 silly audit   '@babel/types': [ '7.29.8' ],
1158 silly audit   '@tanstack/router-generator': [ '1.167.39' ],
1158 silly audit   '@tanstack/router-utils': [ '1.162.3' ],
1158 silly audit   chokidar: [ '5.0.0' ],
1158 silly audit   unplugin: [ '3.4.0' ],
1158 silly audit   zod: [ '4.6.5' ],
1158 silly audit   '@babel/code-frame': [ '7.29.7' ],
1158 silly audit   '@babel/generator': [ '7.29.8' ],
1158 silly audit   '@babel/helper-compilation-targets': [ '7.29.7' ],
1158 silly audit   '@babel/helper-module-transforms': [ '7.29.7' ],
1158 silly audit   '@babel/helpers': [ '7.29.7' ],
1158 silly audit   '@babel/parser': [ '7.29.9' ],
1158 silly audit   '@babel/traverse': [ '7.29.8' ],
1158 silly audit   'convert-source-map': [ '2.0.0' ],
1158 silly audit   debug: [ '4.4.3' ],
1158 silly audit   gensync: [ '1.0.0-beta.2' ],
1158 silly audit   json5: [ '2.2.3' ],
1158 silly audit   semver: [ '6.3.1' ],
1158 silly audit   '@babel/helper-validator-identifier': [ '7.29.7' ],
1158 silly audit   'js-tokens': [ '4.0.0' ],
1158 silly audit   picocolors: [ '1.1.1' ],
1158 silly audit   jsesc: [ '3.1.0' ],
1158 silly audit   '@babel/compat-data': [ '7.29.7' ],
1158 silly audit   '@babel/helper-validator-option': [ '7.29.7' ],
1158 silly audit   browserslist: [ '4.29.2' ],
1158 silly audit   'lru-cache': [ '5.1.1' ],
1158 silly audit   '@babel/helper-module-imports': [ '7.29.7' ],
1158 silly audit   '@babel/helper-globals': [ '7.29.7' ],
1158 silly audit   '@babel/helper-string-parser': [ '7.29.7' ],
1158 silly audit   '@tanstack/virtual-file-routes': [ '1.162.0' ],
1158 silly audit   prettier: [ '3.9.9' ],
1158 silly audit   ansis: [ '4.4.0' ],
1158 silly audit   'babel-dead-code-elimination': [ '1.0.12' ],
1158 silly audit   diff: [ '8.0.4' ],
1158 silly audit   pathe: [ '2.0.3' ],
1158 silly audit   tinyglobby: [ '0.2.17' ],
1158 silly audit   csstype: [ '3.2.3' ],
1158 silly audit   '@babel/plugin-transform-react-jsx-self': [ '7.29.7' ],
1158 silly audit   '@babel/plugin-transform-react-jsx-source': [ '7.29.7' ],
1158 silly audit   '@rolldown/pluginutils': [ '1.0.0-rc.3', '1.0.1' ],
1158 silly audit   '@types/babel__core': [ '7.20.5' ],
1158 silly audit   'react-refresh': [ '0.18.0' ],
1158 silly audit   '@babel/helper-plugin-utils': [ '7.29.7' ],
1158 silly audit   '@types/babel__generator': [ '7.27.0' ],
1158 silly audit   '@types/babel__template': [ '7.4.4' ],
1158 silly audit   '@types/babel__traverse': [ '7.28.0' ],
1158 silly audit   'baseline-browser-mapping': [ '2.11.26' ],
1158 silly audit   'caniuse-lite': [ '1.0.30001813' ],
1158 silly audit   'electron-to-chromium': [ '1.5.439' ],
1158 silly audit   'node-releases': [ '2.0.57' ],
1158 silly audit   'update-browserslist-db': [ '1.3.3' ],
1158 silly audit   readdirp: [ '5.1.1' ],
1158 silly audit   ms: [ '2.1.3' ],
1158 silly audit   'graceful-fs': [ '4.2.11' ],
1158 silly audit   tapable: [ '2.3.3' ],
1158 silly audit   'motion-dom': [ '12.43.0' ],
1158 silly audit   'motion-utils': [ '12.39.0' ],
1158 silly audit   'detect-libc': [ '2.1.2' ],
1158 silly audit   'lightningcss-android-arm64': [ '1.32.0', '1.33.0' ],
1158 silly audit   'lightningcss-darwin-arm64': [ '1.32.0', '1.33.0' ],
1158 silly audit   'lightningcss-darwin-x64': [ '1.32.0', '1.33.0' ],
1158 silly audit   'lightningcss-freebsd-x64': [ '1.32.0', '1.33.0' ],
1158 silly audit   'lightningcss-linux-arm-gnueabihf': [ '1.32.0', '1.33.0' ],
1158 silly audit   'lightningcss-linux-arm64-gnu': [ '1.32.0', '1.33.0' ],
1158 silly audit   'lightningcss-linux-arm64-musl': [ '1.32.0', '1.33.0' ],
1158 silly audit   'lightningcss-linux-x64-gnu': [ '1.32.0', '1.33.0' ],
1158 silly audit   'lightningcss-linux-x64-musl': [ '1.32.0', '1.33.0' ],
1158 silly audit   'lightningcss-win32-arm64-msvc': [ '1.32.0', '1.33.0' ],
1158 silly audit   'lightningcss-win32-x64-msvc': [ '1.32.0', '1.33.0' ],
1158 silly audit   yallist: [ '3.1.1' ],
1158 silly audit   scheduler: [ '0.28.0' ],
1158 silly audit   fdir: [ '6.5.0' ],
1158 silly audit   picomatch: [ '4.0.7' ],
1158 silly audit   'webpack-virtual-modules': [ '0.6.2' ],
1158 silly audit   escalade: [ '3.2.0' ],
1158 silly audit   fsevents: [ '2.3.3' ],
1158 silly audit   postcss: [ '8.5.28' ],
1158 silly audit   rolldown: [ '1.2.11' ],
1158 silly audit   nanoid: [ '3.3.19' ],
1158 silly audit   '@oxc-project/types': [ '0.151.0' ],
1158 silly audit   '@rolldown/binding-android-arm-eabi': [ '1.2.11' ],
1158 silly audit   '@rolldown/binding-android-arm64': [ '1.2.11' ],
1158 silly audit   '@rolldown/binding-darwin-arm64': [ '1.2.11' ],
1158 silly audit   '@rolldown/binding-darwin-x64': [ '1.2.11' ],
1158 silly audit   '@rolldown/binding-freebsd-x64': [ '1.2.11' ],
1158 silly audit   '@rolldown/binding-linux-arm-gnueabihf': [ '1.2.11' ],
1158 silly audit   '@rolldown/binding-linux-arm64-gnu': [ '1.2.11' ],
1158 silly audit   '@rolldown/binding-linux-arm64-musl': [ '1.2.11' ],
1158 silly audit   '@rolldown/binding-linux-ppc64-gnu': [ '1.2.11' ],
1158 silly audit   '@rolldown/binding-linux-s390x-gnu': [ '1.2.11' ],
1158 silly audit   '@rolldown/binding-linux-x64-gnu': [ '1.2.11' ],
1158 silly audit   '@rolldown/binding-linux-x64-musl': [ '1.2.11' ],
1158 silly audit   '@rolldown/binding-openharmony-arm64': [ '1.2.11' ],
1158 silly audit   '@rolldown/binding-win32-arm64-msvc': [ '1.2.11' ],
1158 silly audit   '@rolldown/binding-win32-x64-msvc': [ '1.2.11' ]
1158 silly audit }
1159 http cache @rolldown/binding-linux-x64-gnu@https://registry.npmjs.org/@rolldown/binding-linux-x64-gnu/-/binding-linux-x64-gnu-1.2.11.tgz 0ms (cache hit)
1160 http cache escalade@https://registry.npmjs.org/escalade/-/escalade-3.2.0.tgz 0ms (cache hit)
1161 http cache nanoid@https://registry.npmjs.org/nanoid/-/nanoid-3.3.19.tgz 0ms (cache hit)
1162 http cache rolldown@https://registry.npmjs.org/rolldown/-/rolldown-1.2.11.tgz 0ms (cache hit)
1163 http cache @oxc-project/types@https://registry.npmjs.org/@oxc-project/types/-/types-0.151.0.tgz 0ms (cache hit)
1164 http cache postcss@https://registry.npmjs.org/postcss/-/postcss-8.5.28.tgz 0ms (cache hit)
1165 http cache webpack-virtual-modules@https://registry.npmjs.org/webpack-virtual-modules/-/webpack-virtual-modules-0.6.2.tgz 0ms (cache hit)
1166 http cache scheduler@https://registry.npmjs.org/scheduler/-/scheduler-0.28.0.tgz 0ms (cache hit)
1167 http cache picomatch@https://registry.npmjs.org/picomatch/-/picomatch-4.0.7.tgz 0ms (cache hit)
1168 http cache yallist@https://registry.npmjs.org/yallist/-/yallist-3.1.1.tgz 0ms (cache hit)
1169 http cache fdir@https://registry.npmjs.org/fdir/-/fdir-6.5.0.tgz 0ms (cache hit)
1170 http cache lightningcss-linux-x64-gnu@https://registry.npmjs.org/lightningcss-linux-x64-gnu/-/lightningcss-linux-x64-gnu-1.32.0.tgz 0ms (cache hit)
1171 http cache detect-libc@https://registry.npmjs.org/detect-libc/-/detect-libc-2.1.2.tgz 0ms (cache hit)
1172 http cache motion-utils@https://registry.npmjs.org/motion-utils/-/motion-utils-12.39.0.tgz 0ms (cache hit)
1173 http cache motion-dom@https://registry.npmjs.org/motion-dom/-/motion-dom-12.43.0.tgz 0ms (cache hit)
1174 http cache tapable@https://registry.npmjs.org/tapable/-/tapable-2.3.3.tgz 0ms (cache hit)
1175 http cache graceful-fs@https://registry.npmjs.org/graceful-fs/-/graceful-fs-4.2.11.tgz 0ms (cache hit)
1176 http cache readdirp@https://registry.npmjs.org/readdirp/-/readdirp-5.1.1.tgz 0ms (cache hit)
1177 http cache update-browserslist-db@https://registry.npmjs.org/update-browserslist-db/-/update-browserslist-db-1.3.3.tgz 0ms (cache hit)
1178 http cache node-releases@https://registry.npmjs.org/node-releases/-/node-releases-2.0.57.tgz 0ms (cache hit)
1179 http cache caniuse-lite@https://registry.npmjs.org/caniuse-lite/-/caniuse-lite-1.0.30001813.tgz 0ms (cache hit)
1180 http cache electron-to-chromium@https://registry.npmjs.org/electron-to-chromium/-/electron-to-chromium-1.5.439.tgz 0ms (cache hit)
1181 http cache ms@https://registry.npmjs.org/ms/-/ms-2.1.3.tgz 0ms (cache hit)
1182 http cache baseline-browser-mapping@https://registry.npmjs.org/baseline-browser-mapping/-/baseline-browser-mapping-2.11.26.tgz 0ms (cache hit)
1183 http cache @types/babel__traverse@https://registry.npmjs.org/@types/babel__traverse/-/babel__traverse-7.28.0.tgz 0ms (cache hit)
1184 http cache @types/babel__template@https://registry.npmjs.org/@types/babel__template/-/babel__template-7.4.4.tgz 0ms (cache hit)
1185 http cache @babel/helper-plugin-utils@https://registry.npmjs.org/@babel/helper-plugin-utils/-/helper-plugin-utils-7.29.7.tgz 0ms (cache hit)
1186 http cache @types/babel__generator@https://registry.npmjs.org/@types/babel__generator/-/babel__generator-7.27.0.tgz 0ms (cache hit)
1187 http cache react-refresh@https://registry.npmjs.org/react-refresh/-/react-refresh-0.18.0.tgz 0ms (cache hit)
1188 http cache @types/babel__core@https://registry.npmjs.org/@types/babel__core/-/babel__core-7.20.5.tgz 0ms (cache hit)
1189 http cache @rolldown/pluginutils@https://registry.npmjs.org/@rolldown/pluginutils/-/pluginutils-1.0.0-rc.3.tgz 0ms (cache hit)
1190 http cache @babel/plugin-transform-react-jsx-source@https://registry.npmjs.org/@babel/plugin-transform-react-jsx-source/-/plugin-transform-react-jsx-source-7.29.7.tgz 0ms (cache hit)
1191 http cache @babel/plugin-transform-react-jsx-self@https://registry.npmjs.org/@babel/plugin-transform-react-jsx-self/-/plugin-transform-react-jsx-self-7.29.7.tgz 0ms (cache hit)
1192 http cache csstype@https://registry.npmjs.org/csstype/-/csstype-3.2.3.tgz 0ms (cache hit)
1193 http cache tinyglobby@https://registry.npmjs.org/tinyglobby/-/tinyglobby-0.2.17.tgz 0ms (cache hit)
1194 http cache pathe@https://registry.npmjs.org/pathe/-/pathe-2.0.3.tgz 0ms (cache hit)
1195 http cache babel-dead-code-elimination@https://registry.npmjs.org/babel-dead-code-elimination/-/babel-dead-code-elimination-1.0.12.tgz 0ms (cache hit)
1196 http cache diff@https://registry.npmjs.org/diff/-/diff-8.0.4.tgz 0ms (cache hit)
1197 http cache ansis@https://registry.npmjs.org/ansis/-/ansis-4.4.0.tgz 0ms (cache hit)
1198 http cache prettier@https://registry.npmjs.org/prettier/-/prettier-3.9.9.tgz 0ms (cache hit)
1199 http cache @tanstack/virtual-file-routes@https://registry.npmjs.org/@tanstack/virtual-file-routes/-/virtual-file-routes-1.162.0.tgz 0ms (cache hit)
1200 http cache @babel/helper-globals@https://registry.npmjs.org/@babel/helper-globals/-/helper-globals-7.29.7.tgz 0ms (cache hit)
1201 http cache @babel/helper-module-imports@https://registry.npmjs.org/@babel/helper-module-imports/-/helper-module-imports-7.29.7.tgz 0ms (cache hit)
1202 http cache lru-cache@https://registry.npmjs.org/lru-cache/-/lru-cache-5.1.1.tgz 0ms (cache hit)
1203 http cache browserslist@https://registry.npmjs.org/browserslist/-/browserslist-4.29.2.tgz 0ms (cache hit)
1204 http cache @babel/helper-validator-option@https://registry.npmjs.org/@babel/helper-validator-option/-/helper-validator-option-7.29.7.tgz 0ms (cache hit)
1205 http cache @babel/compat-data@https://registry.npmjs.org/@babel/compat-data/-/compat-data-7.29.7.tgz 0ms (cache hit)
1206 http cache jsesc@https://registry.npmjs.org/jsesc/-/jsesc-3.1.0.tgz 0ms (cache hit)
1207 http cache picocolors@https://registry.npmjs.org/picocolors/-/picocolors-1.1.1.tgz 0ms (cache hit)
1208 http cache js-tokens@https://registry.npmjs.org/js-tokens/-/js-tokens-4.0.0.tgz 0ms (cache hit)
1209 http cache @babel/helper-validator-identifier@https://registry.npmjs.org/@babel/helper-validator-identifier/-/helper-validator-identifier-7.29.7.tgz 0ms (cache hit)
1210 http cache semver@https://registry.npmjs.org/semver/-/semver-6.3.1.tgz 0ms (cache hit)
1211 http cache gensync@https://registry.npmjs.org/gensync/-/gensync-1.0.0-beta.2.tgz 0ms (cache hit)
1212 http cache debug@https://registry.npmjs.org/debug/-/debug-4.4.3.tgz 0ms (cache hit)
1213 http cache json5@https://registry.npmjs.org/json5/-/json5-2.2.3.tgz 0ms (cache hit)
1214 http cache convert-source-map@https://registry.npmjs.org/convert-source-map/-/convert-source-map-2.0.0.tgz 0ms (cache hit)
1215 http cache @babel/traverse@https://registry.npmjs.org/@babel/traverse/-/traverse-7.29.8.tgz 0ms (cache hit)
1216 http cache @babel/parser@https://registry.npmjs.org/@babel/parser/-/parser-7.29.9.tgz 0ms (cache hit)
1217 http cache @babel/helpers@https://registry.npmjs.org/@babel/helpers/-/helpers-7.29.7.tgz 0ms (cache hit)
1218 http cache @babel/helper-module-transforms@https://registry.npmjs.org/@babel/helper-module-transforms/-/helper-module-transforms-7.29.7.tgz 0ms (cache hit)
1219 http cache @babel/helper-compilation-targets@https://registry.npmjs.org/@babel/helper-compilation-targets/-/helper-compilation-targets-7.29.7.tgz 0ms (cache hit)
1220 http cache @babel/generator@https://registry.npmjs.org/@babel/generator/-/generator-7.29.8.tgz 0ms (cache hit)
1221 http cache @babel/code-frame@https://registry.npmjs.org/@babel/code-frame/-/code-frame-7.29.7.tgz 0ms (cache hit)
1222 http cache @babel/helper-string-parser@https://registry.npmjs.org/@babel/helper-string-parser/-/helper-string-parser-7.29.7.tgz 0ms (cache hit)
1223 http cache zod@https://registry.npmjs.org/zod/-/zod-4.6.5.tgz 0ms (cache hit)
1224 http cache unplugin@https://registry.npmjs.org/unplugin/-/unplugin-3.4.0.tgz 0ms (cache hit)
1225 http cache chokidar@https://registry.npmjs.org/chokidar/-/chokidar-5.0.0.tgz 0ms (cache hit)
1226 http cache @tanstack/router-generator@https://registry.npmjs.org/@tanstack/router-generator/-/router-generator-1.167.39.tgz 0ms (cache hit)
1227 http cache @babel/types@https://registry.npmjs.org/@babel/types/-/types-7.29.8.tgz 0ms (cache hit)
1228 http cache @babel/template@https://registry.npmjs.org/@babel/template/-/template-7.29.7.tgz 0ms (cache hit)
1229 http cache @tanstack/router-utils@https://registry.npmjs.org/@tanstack/router-utils/-/router-utils-1.162.3.tgz 0ms (cache hit)
1230 http cache @babel/core@https://registry.npmjs.org/@babel/core/-/core-7.29.7.tgz 0ms (cache hit)
1231 http cache seroval-plugins@https://registry.npmjs.org/seroval-plugins/-/seroval-plugins-1.6.7.tgz 0ms (cache hit)
1232 http cache seroval@https://registry.npmjs.org/seroval/-/seroval-1.6.7.tgz 0ms (cache hit)
1233 http cache cookie-es@https://registry.npmjs.org/cookie-es/-/cookie-es-3.1.1.tgz 0ms (cache hit)
1234 http cache use-sync-external-store@https://registry.npmjs.org/use-sync-external-store/-/use-sync-external-store-1.7.0.tgz 0ms (cache hit)
1235 http cache @tanstack/store@https://registry.npmjs.org/@tanstack/store/-/store-0.11.1.tgz 0ms (cache hit)
1236 http cache isbot@https://registry.npmjs.org/isbot/-/isbot-5.2.2.tgz 0ms (cache hit)
1237 http cache @tanstack/router-core@https://registry.npmjs.org/@tanstack/router-core/-/router-core-1.171.33.tgz 0ms (cache hit)
1238 http cache @tanstack/react-store@https://registry.npmjs.org/@tanstack/react-store/-/react-store-0.11.1.tgz 0ms (cache hit)
1239 http cache @tanstack/history@https://registry.npmjs.org/@tanstack/history/-/history-1.162.4.tgz 0ms (cache hit)
1240 http cache @tailwindcss/oxide-linux-x64-gnu@https://registry.npmjs.org/@tailwindcss/oxide-linux-x64-gnu/-/oxide-linux-x64-gnu-4.3.3.tgz 0ms (cache hit)
1241 http cache @jridgewell/resolve-uri@https://registry.npmjs.org/@jridgewell/resolve-uri/-/resolve-uri-3.1.2.tgz 0ms (cache hit)
1242 http cache @jridgewell/sourcemap-codec@https://registry.npmjs.org/@jridgewell/sourcemap-codec/-/sourcemap-codec-1.6.0.tgz 0ms (cache hit)
1243 http cache @jridgewell/trace-mapping@https://registry.npmjs.org/@jridgewell/trace-mapping/-/trace-mapping-0.3.31.tgz 0ms (cache hit)
1244 http cache @jridgewell/gen-mapping@https://registry.npmjs.org/@jridgewell/gen-mapping/-/gen-mapping-0.3.13.tgz 0ms (cache hit)
1245 http cache source-map-js@https://registry.npmjs.org/source-map-js/-/source-map-js-1.2.1.tgz 0ms (cache hit)
1246 http cache magic-string@https://registry.npmjs.org/magic-string/-/magic-string-0.30.21.tgz 0ms (cache hit)
1247 http cache lightningcss@https://registry.npmjs.org/lightningcss/-/lightningcss-1.32.0.tgz 0ms (cache hit)
1248 http cache jiti@https://registry.npmjs.org/jiti/-/jiti-2.7.0.tgz 0ms (cache hit)
1249 http cache enhanced-resolve@https://registry.npmjs.org/enhanced-resolve/-/enhanced-resolve-5.25.1.tgz 0ms (cache hit)
1250 http cache @jridgewell/remapping@https://registry.npmjs.org/@jridgewell/remapping/-/remapping-2.3.5.tgz 0ms (cache hit)
1251 http cache @tailwindcss/oxide@https://registry.npmjs.org/@tailwindcss/oxide/-/oxide-4.3.3.tgz 0ms (cache hit)
1252 http cache @tailwindcss/node@https://registry.npmjs.org/@tailwindcss/node/-/node-4.3.3.tgz 0ms (cache hit)
1253 http cache iceberg-js@https://registry.npmjs.org/iceberg-js/-/iceberg-js-0.8.1.tgz 0ms (cache hit)
1254 http cache @supabase/phoenix@https://registry.npmjs.org/@supabase/phoenix/-/phoenix-0.4.5.tgz 0ms (cache hit)
1255 http cache tslib@https://registry.npmjs.org/tslib/-/tslib-2.8.1.tgz 0ms (cache hit)
1256 http cache @supabase/storage-js@https://registry.npmjs.org/@supabase/storage-js/-/storage-js-2.117.2.tgz 0ms (cache hit)
1257 http cache @supabase/realtime-js@https://registry.npmjs.org/@supabase/realtime-js/-/realtime-js-2.117.2.tgz 0ms (cache hit)
1258 http cache @supabase/postgrest-js@https://registry.npmjs.org/@supabase/postgrest-js/-/postgrest-js-2.117.2.tgz 0ms (cache hit)
1259 http cache @supabase/functions-js@https://registry.npmjs.org/@supabase/functions-js/-/functions-js-2.117.2.tgz 0ms (cache hit)
1260 http cache tailwindcss@https://registry.npmjs.org/tailwindcss/-/tailwindcss-4.3.3.tgz 0ms (cache hit)
1261 http cache @supabase/auth-js@https://registry.npmjs.org/@supabase/auth-js/-/auth-js-2.117.2.tgz 0ms (cache hit)
1262 http cache typescript@https://registry.npmjs.org/typescript/-/typescript-5.9.3.tgz 0ms (cache hit)
1263 http cache tailwind-merge@https://registry.npmjs.org/tailwind-merge/-/tailwind-merge-3.7.0.tgz 0ms (cache hit)
1264 http cache lucide-react@https://registry.npmjs.org/lucide-react/-/lucide-react-0.548.0.tgz 0ms (cache hit)
1265 http cache framer-motion@https://registry.npmjs.org/framer-motion/-/framer-motion-12.43.0.tgz 0ms (cache hit)
1266 http cache clsx@https://registry.npmjs.org/clsx/-/clsx-2.1.1.tgz 0ms (cache hit)
1267 http cache class-variance-authority@https://registry.npmjs.org/class-variance-authority/-/class-variance-authority-0.7.1.tgz 0ms (cache hit)
1268 http cache @vitejs/plugin-react@https://registry.npmjs.org/@vitejs/plugin-react/-/plugin-react-5.2.0.tgz 0ms (cache hit)
1269 http cache @types/react-dom@https://registry.npmjs.org/@types/react-dom/-/react-dom-19.3.0.tgz 0ms (cache hit)
1270 http cache @types/react@https://registry.npmjs.org/@types/react/-/react-19.3.0.tgz 0ms (cache hit)
1271 http cache @tanstack/router-plugin@https://registry.npmjs.org/@tanstack/router-plugin/-/router-plugin-1.168.41.tgz 0ms (cache hit)
1272 http cache react@https://registry.npmjs.org/react/-/react-19.3.0.tgz 0ms (cache hit)
1273 http cache react-dom@https://registry.npmjs.org/react-dom/-/react-dom-19.3.0.tgz 0ms (cache hit)
1274 http cache @tanstack/react-router@https://registry.npmjs.org/@tanstack/react-router/-/react-router-1.170.40.tgz 0ms (cache hit)
1275 http cache vite@https://registry.npmjs.org/vite/-/vite-8.3.1.tgz 0ms (cache hit)
1276 http cache @tailwindcss/vite@https://registry.npmjs.org/@tailwindcss/vite/-/vite-4.3.3.tgz 0ms (cache hit)
1277 http cache @supabase/supabase-js@https://registry.npmjs.org/@supabase/supabase-js/-/supabase-js-2.117.2.tgz 0ms (cache hit)
1278 http cache lightningcss-linux-x64-gnu@https://registry.npmjs.org/lightningcss-linux-x64-gnu/-/lightningcss-linux-x64-gnu-1.33.0.tgz 0ms (cache hit)
1279 http cache @rolldown/pluginutils@https://registry.npmjs.org/@rolldown/pluginutils/-/pluginutils-1.0.1.tgz 0ms (cache hit)
1280 http cache lightningcss@https://registry.npmjs.org/lightningcss/-/lightningcss-1.33.0.tgz 0ms (cache hit)
1281 silly tarball no local data for @rolldown/binding-linux-x64-gnu@https://registry.npmjs.org/@rolldown/binding-linux-x64-gnu/-/binding-linux-x64-gnu-1.2.11.tgz. Extracting by manifest.
1282 silly tarball no local data for escalade@https://registry.npmjs.org/escalade/-/escalade-3.2.0.tgz. Extracting by manifest.
1283 silly tarball no local data for nanoid@https://registry.npmjs.org/nanoid/-/nanoid-3.3.19.tgz. Extracting by manifest.
1284 silly tarball no local data for rolldown@https://registry.npmjs.org/rolldown/-/rolldown-1.2.11.tgz. Extracting by manifest.
1285 silly tarball no local data for @oxc-project/types@https://registry.npmjs.org/@oxc-project/types/-/types-0.151.0.tgz. Extracting by manifest.
1286 silly tarball no local data for postcss@https://registry.npmjs.org/postcss/-/postcss-8.5.28.tgz. Extracting by manifest.
1287 silly tarball no local data for webpack-virtual-modules@https://registry.npmjs.org/webpack-virtual-modules/-/webpack-virtual-modules-0.6.2.tgz. Extracting by manifest.
1288 silly tarball no local data for scheduler@https://registry.npmjs.org/scheduler/-/scheduler-0.28.0.tgz. Extracting by manifest.
1289 silly tarball no local data for picomatch@https://registry.npmjs.org/picomatch/-/picomatch-4.0.7.tgz. Extracting by manifest.
1290 silly tarball no local data for yallist@https://registry.npmjs.org/yallist/-/yallist-3.1.1.tgz. Extracting by manifest.
1291 silly tarball no local data for fdir@https://registry.npmjs.org/fdir/-/fdir-6.5.0.tgz. Extracting by manifest.
1292 silly tarball no local data for lightningcss-linux-x64-gnu@https://registry.npmjs.org/lightningcss-linux-x64-gnu/-/lightningcss-linux-x64-gnu-1.32.0.tgz. Extracting by manifest.
1293 silly tarball no local data for detect-libc@https://registry.npmjs.org/detect-libc/-/detect-libc-2.1.2.tgz. Extracting by manifest.
1294 silly tarball no local data for motion-utils@https://registry.npmjs.org/motion-utils/-/motion-utils-12.39.0.tgz. Extracting by manifest.
1295 silly tarball no local data for motion-dom@https://registry.npmjs.org/motion-dom/-/motion-dom-12.43.0.tgz. Extracting by manifest.
1296 silly tarball no local data for tapable@https://registry.npmjs.org/tapable/-/tapable-2.3.3.tgz. Extracting by manifest.
1297 silly tarball no local data for graceful-fs@https://registry.npmjs.org/graceful-fs/-/graceful-fs-4.2.11.tgz. Extracting by manifest.
1298 silly tarball no local data for readdirp@https://registry.npmjs.org/readdirp/-/readdirp-5.1.1.tgz. Extracting by manifest.
1299 silly tarball no local data for update-browserslist-db@https://registry.npmjs.org/update-browserslist-db/-/update-browserslist-db-1.3.3.tgz. Extracting by manifest.
1300 silly tarball no local data for node-releases@https://registry.npmjs.org/node-releases/-/node-releases-2.0.57.tgz. Extracting by manifest.
1301 silly tarball no local data for caniuse-lite@https://registry.npmjs.org/caniuse-lite/-/caniuse-lite-1.0.30001813.tgz. Extracting by manifest.
1302 silly tarball no local data for electron-to-chromium@https://registry.npmjs.org/electron-to-chromium/-/electron-to-chromium-1.5.439.tgz. Extracting by manifest.
1303 silly tarball no local data for ms@https://registry.npmjs.org/ms/-/ms-2.1.3.tgz. Extracting by manifest.
1304 silly tarball no local data for baseline-browser-mapping@https://registry.npmjs.org/baseline-browser-mapping/-/baseline-browser-mapping-2.11.26.tgz. Extracting by manifest.
1305 silly tarball no local data for @types/babel__traverse@https://registry.npmjs.org/@types/babel__traverse/-/babel__traverse-7.28.0.tgz. Extracting by manifest.
1306 silly tarball no local data for @types/babel__template@https://registry.npmjs.org/@types/babel__template/-/babel__template-7.4.4.tgz. Extracting by manifest.
1307 silly tarball no local data for @babel/helper-plugin-utils@https://registry.npmjs.org/@babel/helper-plugin-utils/-/helper-plugin-utils-7.29.7.tgz. Extracting by manifest.
1308 silly tarball no local data for @types/babel__generator@https://registry.npmjs.org/@types/babel__generator/-/babel__generator-7.27.0.tgz. Extracting by manifest.
1309 silly tarball no local data for react-refresh@https://registry.npmjs.org/react-refresh/-/react-refresh-0.18.0.tgz. Extracting by manifest.
1310 silly tarball no local data for @types/babel__core@https://registry.npmjs.org/@types/babel__core/-/babel__core-7.20.5.tgz. Extracting by manifest.
1311 silly tarball no local data for @rolldown/pluginutils@https://registry.npmjs.org/@rolldown/pluginutils/-/pluginutils-1.0.0-rc.3.tgz. Extracting by manifest.
1312 silly tarball no local data for @babel/plugin-transform-react-jsx-source@https://registry.npmjs.org/@babel/plugin-transform-react-jsx-source/-/plugin-transform-react-jsx-source-7.29.7.tgz. Extracting by manifest.
1313 silly tarball no local data for @babel/plugin-transform-react-jsx-self@https://registry.npmjs.org/@babel/plugin-transform-react-jsx-self/-/plugin-transform-react-jsx-self-7.29.7.tgz. Extracting by manifest.
1314 silly tarball no local data for csstype@https://registry.npmjs.org/csstype/-/csstype-3.2.3.tgz. Extracting by manifest.
1315 silly tarball no local data for tinyglobby@https://registry.npmjs.org/tinyglobby/-/tinyglobby-0.2.17.tgz. Extracting by manifest.
1316 silly tarball no local data for pathe@https://registry.npmjs.org/pathe/-/pathe-2.0.3.tgz. Extracting by manifest.
1317 silly tarball no local data for babel-dead-code-elimination@https://registry.npmjs.org/babel-dead-code-elimination/-/babel-dead-code-elimination-1.0.12.tgz. Extracting by manifest.
1318 silly tarball no local data for diff@https://registry.npmjs.org/diff/-/diff-8.0.4.tgz. Extracting by manifest.
1319 silly tarball no local data for ansis@https://registry.npmjs.org/ansis/-/ansis-4.4.0.tgz. Extracting by manifest.
1320 silly tarball no local data for prettier@https://registry.npmjs.org/prettier/-/prettier-3.9.9.tgz. Extracting by manifest.
1321 silly tarball no local data for @tanstack/virtual-file-routes@https://registry.npmjs.org/@tanstack/virtual-file-routes/-/virtual-file-routes-1.162.0.tgz. Extracting by manifest.
1322 silly tarball no local data for @babel/helper-globals@https://registry.npmjs.org/@babel/helper-globals/-/helper-globals-7.29.7.tgz. Extracting by manifest.
1323 silly tarball no local data for @babel/helper-module-imports@https://registry.npmjs.org/@babel/helper-module-imports/-/helper-module-imports-7.29.7.tgz. Extracting by manifest.
1324 silly tarball no local data for lru-cache@https://registry.npmjs.org/lru-cache/-/lru-cache-5.1.1.tgz. Extracting by manifest.
1325 silly tarball no local data for browserslist@https://registry.npmjs.org/browserslist/-/browserslist-4.29.2.tgz. Extracting by manifest.
1326 silly tarball no local data for @babel/helper-validator-option@https://registry.npmjs.org/@babel/helper-validator-option/-/helper-validator-option-7.29.7.tgz. Extracting by manifest.
1327 silly tarball no local data for @babel/compat-data@https://registry.npmjs.org/@babel/compat-data/-/compat-data-7.29.7.tgz. Extracting by manifest.
1328 silly tarball no local data for jsesc@https://registry.npmjs.org/jsesc/-/jsesc-3.1.0.tgz. Extracting by manifest.
1329 silly tarball no local data for picocolors@https://registry.npmjs.org/picocolors/-/picocolors-1.1.1.tgz. Extracting by manifest.
1330 silly tarball no local data for js-tokens@https://registry.npmjs.org/js-tokens/-/js-tokens-4.0.0.tgz. Extracting by manifest.
1331 silly tarball no local data for @babel/helper-validator-identifier@https://registry.npmjs.org/@babel/helper-validator-identifier/-/helper-validator-identifier-7.29.7.tgz. Extracting by manifest.
1332 silly tarball no local data for semver@https://registry.npmjs.org/semver/-/semver-6.3.1.tgz. Extracting by manifest.
1333 silly tarball no local data for gensync@https://registry.npmjs.org/gensync/-/gensync-1.0.0-beta.2.tgz. Extracting by manifest.
1334 silly tarball no local data for debug@https://registry.npmjs.org/debug/-/debug-4.4.3.tgz. Extracting by manifest.
1335 silly tarball no local data for json5@https://registry.npmjs.org/json5/-/json5-2.2.3.tgz. Extracting by manifest.
1336 silly tarball no local data for convert-source-map@https://registry.npmjs.org/convert-source-map/-/convert-source-map-2.0.0.tgz. Extracting by manifest.
1337 silly tarball no local data for @babel/traverse@https://registry.npmjs.org/@babel/traverse/-/traverse-7.29.8.tgz. Extracting by manifest.
1338 silly tarball no local data for @babel/parser@https://registry.npmjs.org/@babel/parser/-/parser-7.29.9.tgz. Extracting by manifest.
1339 silly tarball no local data for @babel/helpers@https://registry.npmjs.org/@babel/helpers/-/helpers-7.29.7.tgz. Extracting by manifest.
1340 silly tarball no local data for @babel/helper-module-transforms@https://registry.npmjs.org/@babel/helper-module-transforms/-/helper-module-transforms-7.29.7.tgz. Extracting by manifest.
1341 silly tarball no local data for @babel/helper-compilation-targets@https://registry.npmjs.org/@babel/helper-compilation-targets/-/helper-compilation-targets-7.29.7.tgz. Extracting by manifest.
1342 silly tarball no local data for @babel/generator@https://registry.npmjs.org/@babel/generator/-/generator-7.29.8.tgz. Extracting by manifest.
1343 silly tarball no local data for @babel/code-frame@https://registry.npmjs.org/@babel/code-frame/-/code-frame-7.29.7.tgz. Extracting by manifest.
1344 silly tarball no local data for @babel/helper-string-parser@https://registry.npmjs.org/@babel/helper-string-parser/-/helper-string-parser-7.29.7.tgz. Extracting by manifest.
1345 silly tarball no local data for zod@https://registry.npmjs.org/zod/-/zod-4.6.5.tgz. Extracting by manifest.
1346 silly tarball no local data for unplugin@https://registry.npmjs.org/unplugin/-/unplugin-3.4.0.tgz. Extracting by manifest.
1347 silly tarball no local data for chokidar@https://registry.npmjs.org/chokidar/-/chokidar-5.0.0.tgz. Extracting by manifest.
1348 silly tarball no local data for @tanstack/router-generator@https://registry.npmjs.org/@tanstack/router-generator/-/router-generator-1.167.39.tgz. Extracting by manifest.
1349 silly tarball no local data for @babel/types@https://registry.npmjs.org/@babel/types/-/types-7.29.8.tgz. Extracting by manifest.
1350 silly tarball no local data for @babel/template@https://registry.npmjs.org/@babel/template/-/template-7.29.7.tgz. Extracting by manifest.
1351 silly tarball no local data for @tanstack/router-utils@https://registry.npmjs.org/@tanstack/router-utils/-/router-utils-1.162.3.tgz. Extracting by manifest.
1352 silly tarball no local data for @babel/core@https://registry.npmjs.org/@babel/core/-/core-7.29.7.tgz. Extracting by manifest.
1353 silly tarball no local data for seroval-plugins@https://registry.npmjs.org/seroval-plugins/-/seroval-plugins-1.6.7.tgz. Extracting by manifest.
1354 silly tarball no local data for seroval@https://registry.npmjs.org/seroval/-/seroval-1.6.7.tgz. Extracting by manifest.
1355 silly tarball no local data for cookie-es@https://registry.npmjs.org/cookie-es/-/cookie-es-3.1.1.tgz. Extracting by manifest.
1356 silly tarball no local data for use-sync-external-store@https://registry.npmjs.org/use-sync-external-store/-/use-sync-external-store-1.7.0.tgz. Extracting by manifest.
1357 silly tarball no local data for @tanstack/store@https://registry.npmjs.org/@tanstack/store/-/store-0.11.1.tgz. Extracting by manifest.
1358 silly tarball no local data for isbot@https://registry.npmjs.org/isbot/-/isbot-5.2.2.tgz. Extracting by manifest.
1359 silly tarball no local data for @tanstack/router-core@https://registry.npmjs.org/@tanstack/router-core/-/router-core-1.171.33.tgz. Extracting by manifest.
1360 silly tarball no local data for @tanstack/react-store@https://registry.npmjs.org/@tanstack/react-store/-/react-store-0.11.1.tgz. Extracting by manifest.
1361 silly tarball no local data for @tanstack/history@https://registry.npmjs.org/@tanstack/history/-/history-1.162.4.tgz. Extracting by manifest.
1362 silly tarball no local data for @tailwindcss/oxide-linux-x64-gnu@https://registry.npmjs.org/@tailwindcss/oxide-linux-x64-gnu/-/oxide-linux-x64-gnu-4.3.3.tgz. Extracting by manifest.
1363 silly tarball no local data for @jridgewell/resolve-uri@https://registry.npmjs.org/@jridgewell/resolve-uri/-/resolve-uri-3.1.2.tgz. Extracting by manifest.
1364 silly tarball no local data for @jridgewell/sourcemap-codec@https://registry.npmjs.org/@jridgewell/sourcemap-codec/-/sourcemap-codec-1.6.0.tgz. Extracting by manifest.
1365 silly tarball no local data for @jridgewell/trace-mapping@https://registry.npmjs.org/@jridgewell/trace-mapping/-/trace-mapping-0.3.31.tgz. Extracting by manifest.
1366 silly tarball no local data for @jridgewell/gen-mapping@https://registry.npmjs.org/@jridgewell/gen-mapping/-/gen-mapping-0.3.13.tgz. Extracting by manifest.
1367 silly tarball no local data for source-map-js@https://registry.npmjs.org/source-map-js/-/source-map-js-1.2.1.tgz. Extracting by manifest.
1368 silly tarball no local data for magic-string@https://registry.npmjs.org/magic-string/-/magic-string-0.30.21.tgz. Extracting by manifest.
1369 silly tarball no local data for lightningcss@https://registry.npmjs.org/lightningcss/-/lightningcss-1.32.0.tgz. Extracting by manifest.
1370 silly tarball no local data for jiti@https://registry.npmjs.org/jiti/-/jiti-2.7.0.tgz. Extracting by manifest.
1371 silly tarball no local data for enhanced-resolve@https://registry.npmjs.org/enhanced-resolve/-/enhanced-resolve-5.25.1.tgz. Extracting by manifest.
1372 silly tarball no local data for @jridgewell/remapping@https://registry.npmjs.org/@jridgewell/remapping/-/remapping-2.3.5.tgz. Extracting by manifest.
1373 silly tarball no local data for @tailwindcss/oxide@https://registry.npmjs.org/@tailwindcss/oxide/-/oxide-4.3.3.tgz. Extracting by manifest.
1374 silly tarball no local data for @tailwindcss/node@https://registry.npmjs.org/@tailwindcss/node/-/node-4.3.3.tgz. Extracting by manifest.
1375 silly tarball no local data for iceberg-js@https://registry.npmjs.org/iceberg-js/-/iceberg-js-0.8.1.tgz. Extracting by manifest.
1376 silly tarball no local data for @supabase/phoenix@https://registry.npmjs.org/@supabase/phoenix/-/phoenix-0.4.5.tgz. Extracting by manifest.
1377 silly tarball no local data for tslib@https://registry.npmjs.org/tslib/-/tslib-2.8.1.tgz. Extracting by manifest.
1378 silly tarball no local data for @supabase/storage-js@https://registry.npmjs.org/@supabase/storage-js/-/storage-js-2.117.2.tgz. Extracting by manifest.
1379 silly tarball no local data for @supabase/realtime-js@https://registry.npmjs.org/@supabase/realtime-js/-/realtime-js-2.117.2.tgz. Extracting by manifest.
1380 silly tarball no local data for @supabase/postgrest-js@https://registry.npmjs.org/@supabase/postgrest-js/-/postgrest-js-2.117.2.tgz. Extracting by manifest.
1381 silly tarball no local data for @supabase/functions-js@https://registry.npmjs.org/@supabase/functions-js/-/functions-js-2.117.2.tgz. Extracting by manifest.
1382 silly tarball no local data for tailwindcss@https://registry.npmjs.org/tailwindcss/-/tailwindcss-4.3.3.tgz. Extracting by manifest.
1383 silly tarball no local data for @supabase/auth-js@https://registry.npmjs.org/@supabase/auth-js/-/auth-js-2.117.2.tgz. Extracting by manifest.
1384 silly tarball no local data for typescript@https://registry.npmjs.org/typescript/-/typescript-5.9.3.tgz. Extracting by manifest.
1385 silly tarball no local data for tailwind-merge@https://registry.npmjs.org/tailwind-merge/-/tailwind-merge-3.7.0.tgz. Extracting by manifest.
1386 silly tarball no local data for lucide-react@https://registry.npmjs.org/lucide-react/-/lucide-react-0.548.0.tgz. Extracting by manifest.
1387 silly tarball no local data for framer-motion@https://registry.npmjs.org/framer-motion/-/framer-motion-12.43.0.tgz. Extracting by manifest.
1388 silly tarball no local data for clsx@https://registry.npmjs.org/clsx/-/clsx-2.1.1.tgz. Extracting by manifest.
1389 silly tarball no local data for class-variance-authority@https://registry.npmjs.org/class-variance-authority/-/class-variance-authority-0.7.1.tgz. Extracting by manifest.
1390 silly tarball no local data for @vitejs/plugin-react@https://registry.npmjs.org/@vitejs/plugin-react/-/plugin-react-5.2.0.tgz. Extracting by manifest.
1391 silly tarball no local data for @types/react-dom@https://registry.npmjs.org/@types/react-dom/-/react-dom-19.3.0.tgz. Extracting by manifest.
1392 silly tarball no local data for @types/react@https://registry.npmjs.org/@types/react/-/react-19.3.0.tgz. Extracting by manifest.
1393 silly tarball no local data for @tanstack/router-plugin@https://registry.npmjs.org/@tanstack/router-plugin/-/router-plugin-1.168.41.tgz. Extracting by manifest.
1394 silly tarball no local data for react@https://registry.npmjs.org/react/-/react-19.3.0.tgz. Extracting by manifest.
1395 silly tarball no local data for react-dom@https://registry.npmjs.org/react-dom/-/react-dom-19.3.0.tgz. Extracting by manifest.
1396 silly tarball no local data for @tanstack/react-router@https://registry.npmjs.org/@tanstack/react-router/-/react-router-1.170.40.tgz. Extracting by manifest.
1397 silly tarball no local data for vite@https://registry.npmjs.org/vite/-/vite-8.3.1.tgz. Extracting by manifest.
1398 silly tarball no local data for @tailwindcss/vite@https://registry.npmjs.org/@tailwindcss/vite/-/vite-4.3.3.tgz. Extracting by manifest.
1399 silly tarball no local data for @supabase/supabase-js@https://registry.npmjs.org/@supabase/supabase-js/-/supabase-js-2.117.2.tgz. Extracting by manifest.
1400 silly tarball no local data for lightningcss-linux-x64-gnu@https://registry.npmjs.org/lightningcss-linux-x64-gnu/-/lightningcss-linux-x64-gnu-1.33.0.tgz. Extracting by manifest.
1401 silly tarball no local data for @rolldown/pluginutils@https://registry.npmjs.org/@rolldown/pluginutils/-/pluginutils-1.0.1.tgz. Extracting by manifest.
1402 silly tarball no local data for lightningcss@https://registry.npmjs.org/lightningcss/-/lightningcss-1.33.0.tgz. Extracting by manifest.
1403 http fetch POST 200 https://registry.npmjs.org/-/npm/v1/security/advisories/bulk 280ms
1404 silly audit report {}
1405 http fetch GET 200 https://registry.npmjs.org/escalade/-/escalade-3.2.0.tgz 338ms (cache miss)
1406 http fetch GET 200 https://registry.npmjs.org/@oxc-project/types/-/types-0.151.0.tgz 366ms (cache miss)
1407 http fetch GET 200 https://registry.npmjs.org/node-releases/-/node-releases-2.0.57.tgz 360ms (cache miss)
1408 http fetch GET 200 https://registry.npmjs.org/graceful-fs/-/graceful-fs-4.2.11.tgz 370ms (cache miss)
1409 http fetch GET 200 https://registry.npmjs.org/update-browserslist-db/-/update-browserslist-db-1.3.3.tgz 370ms (cache miss)
1410 http fetch GET 200 https://registry.npmjs.org/readdirp/-/readdirp-5.1.1.tgz 402ms (cache miss)
1411 http fetch GET 200 https://registry.npmjs.org/ms/-/ms-2.1.3.tgz 446ms (cache miss)
1412 http fetch GET 200 https://registry.npmjs.org/@types/babel__traverse/-/babel__traverse-7.28.0.tgz 473ms (cache miss)
1413 http fetch GET 200 https://registry.npmjs.org/yallist/-/yallist-3.1.1.tgz 509ms (cache miss)
1414 http fetch GET 200 https://registry.npmjs.org/electron-to-chromium/-/electron-to-chromium-1.5.439.tgz 524ms (cache miss)
1415 http fetch GET 200 https://registry.npmjs.org/@types/babel__template/-/babel__template-7.4.4.tgz 525ms (cache miss)
1416 http fetch GET 200 https://registry.npmjs.org/react-refresh/-/react-refresh-0.18.0.tgz 535ms (cache miss)
1417 http fetch GET 200 https://registry.npmjs.org/@babel/helper-plugin-utils/-/helper-plugin-utils-7.29.7.tgz 535ms (cache miss)
1418 http fetch GET 200 https://registry.npmjs.org/tinyglobby/-/tinyglobby-0.2.17.tgz 534ms (cache miss)
1419 http fetch GET 200 https://registry.npmjs.org/@types/babel__core/-/babel__core-7.20.5.tgz 559ms (cache miss)
1420 http fetch GET 200 https://registry.npmjs.org/@babel/plugin-transform-react-jsx-source/-/plugin-transform-react-jsx-source-7.29.7.tgz 559ms (cache miss)
1421 http fetch GET 200 https://registry.npmjs.org/@types/babel__generator/-/babel__generator-7.27.0.tgz 576ms (cache miss)
1422 http fetch GET 200 https://registry.npmjs.org/@babel/plugin-transform-react-jsx-self/-/plugin-transform-react-jsx-self-7.29.7.tgz 601ms (cache miss)
1423 http fetch GET 200 https://registry.npmjs.org/@babel/helper-validator-option/-/helper-validator-option-7.29.7.tgz 596ms (cache miss)
1424 http fetch GET 200 https://registry.npmjs.org/picocolors/-/picocolors-1.1.1.tgz 613ms (cache miss)
1425 http fetch GET 200 https://registry.npmjs.org/ansis/-/ansis-4.4.0.tgz 624ms (cache miss)
1426 http fetch GET 200 https://registry.npmjs.org/@babel/helper-globals/-/helper-globals-7.29.7.tgz 624ms (cache miss)
1427 http fetch GET 200 https://registry.npmjs.org/babel-dead-code-elimination/-/babel-dead-code-elimination-1.0.12.tgz 634ms (cache miss)
1428 http fetch GET 200 https://registry.npmjs.org/browserslist/-/browserslist-4.29.2.tgz 631ms (cache miss)
1429 http fetch GET 200 https://registry.npmjs.org/convert-source-map/-/convert-source-map-2.0.0.tgz 627ms (cache miss)
1430 http fetch GET 200 https://registry.npmjs.org/debug/-/debug-4.4.3.tgz 628ms (cache miss)
1431 http fetch GET 200 https://registry.npmjs.org/gensync/-/gensync-1.0.0-beta.2.tgz 629ms (cache miss)
1432 http fetch GET 200 https://registry.npmjs.org/js-tokens/-/js-tokens-4.0.0.tgz 631ms (cache miss)
1433 http fetch GET 200 https://registry.npmjs.org/jsesc/-/jsesc-3.1.0.tgz 639ms (cache miss)
1434 http fetch GET 200 https://registry.npmjs.org/@babel/helper-validator-identifier/-/helper-validator-identifier-7.29.7.tgz 643ms (cache miss)
1435 http fetch GET 200 https://registry.npmjs.org/chokidar/-/chokidar-5.0.0.tgz 637ms (cache miss)
1436 http fetch GET 200 https://registry.npmjs.org/baseline-browser-mapping/-/baseline-browser-mapping-2.11.26.tgz 660ms (cache miss)
1437 http fetch GET 200 https://registry.npmjs.org/lru-cache/-/lru-cache-5.1.1.tgz 658ms (cache miss)
1438 http fetch GET 200 https://registry.npmjs.org/@babel/helper-compilation-targets/-/helper-compilation-targets-7.29.7.tgz 665ms (cache miss)
1439 http fetch GET 200 https://registry.npmjs.org/@babel/code-frame/-/code-frame-7.29.7.tgz 664ms (cache miss)
1440 http fetch GET 200 https://registry.npmjs.org/fdir/-/fdir-6.5.0.tgz 691ms (cache miss)
1441 http fetch GET 200 https://registry.npmjs.org/@babel/helper-module-imports/-/helper-module-imports-7.29.7.tgz 683ms (cache miss)
1442 http fetch GET 200 https://registry.npmjs.org/cookie-es/-/cookie-es-3.1.1.tgz 671ms (cache miss)
1443 http fetch GET 200 https://registry.npmjs.org/isbot/-/isbot-5.2.2.tgz 670ms (cache miss)
1444 http fetch GET 200 https://registry.npmjs.org/@jridgewell/resolve-uri/-/resolve-uri-3.1.2.tgz 668ms (cache miss)
1445 http fetch GET 200 https://registry.npmjs.org/detect-libc/-/detect-libc-2.1.2.tgz 711ms (cache miss)
1446 http fetch GET 200 https://registry.npmjs.org/scheduler/-/scheduler-0.28.0.tgz 718ms (cache miss)
1447 http fetch GET 200 https://registry.npmjs.org/@tailwindcss/oxide/-/oxide-4.3.3.tgz 685ms (cache miss)
1448 http fetch GET 200 https://registry.npmjs.org/@jridgewell/remapping/-/remapping-2.3.5.tgz 685ms (cache miss)
1449 http fetch GET 200 https://registry.npmjs.org/nanoid/-/nanoid-3.3.19.tgz 732ms (cache miss)
1450 http fetch GET 200 https://registry.npmjs.org/webpack-virtual-modules/-/webpack-virtual-modules-0.6.2.tgz 732ms (cache miss)
1451 http fetch GET 200 https://registry.npmjs.org/@tanstack/react-store/-/react-store-0.11.1.tgz 703ms (cache miss)
1452 http fetch GET 200 https://registry.npmjs.org/clsx/-/clsx-2.1.1.tgz 691ms (cache miss)
1453 http fetch GET 200 https://registry.npmjs.org/@types/react-dom/-/react-dom-19.3.0.tgz 691ms (cache miss)
1454 http fetch GET 200 https://registry.npmjs.org/@babel/helper-string-parser/-/helper-string-parser-7.29.7.tgz 715ms (cache miss)
1455 http fetch GET 200 https://registry.npmjs.org/class-variance-authority/-/class-variance-authority-0.7.1.tgz 706ms (cache miss)
1456 http fetch GET 200 https://registry.npmjs.org/@tailwindcss/vite/-/vite-4.3.3.tgz 706ms (cache miss)
1457 http fetch GET 200 https://registry.npmjs.org/@rolldown/pluginutils/-/pluginutils-1.0.1.tgz 706ms (cache miss)
1458 http fetch GET 200 https://registry.npmjs.org/@babel/compat-data/-/compat-data-7.29.7.tgz 739ms (cache miss)
1459 http fetch GET 200 https://registry.npmjs.org/semver/-/semver-6.3.1.tgz 738ms (cache miss)
1460 http fetch GET 200 https://registry.npmjs.org/tapable/-/tapable-2.3.3.tgz 756ms (cache miss)
1461 http fetch GET 200 https://registry.npmjs.org/pathe/-/pathe-2.0.3.tgz 759ms (cache miss)
1462 http fetch GET 200 https://registry.npmjs.org/@vitejs/plugin-react/-/plugin-react-5.2.0.tgz 727ms (cache miss)
1463 http fetch GET 200 https://registry.npmjs.org/@tailwindcss/node/-/node-4.3.3.tgz 746ms (cache miss)
1464 http fetch GET 200 https://registry.npmjs.org/picomatch/-/picomatch-4.0.7.tgz 788ms (cache miss)
1465 http fetch GET 200 https://registry.npmjs.org/tslib/-/tslib-2.8.1.tgz 752ms (cache miss)
1466 http fetch GET 200 https://registry.npmjs.org/@rolldown/pluginutils/-/pluginutils-1.0.0-rc.3.tgz 802ms (cache miss)
1467 http fetch GET 200 https://registry.npmjs.org/iceberg-js/-/iceberg-js-0.8.1.tgz 784ms (cache miss)
1468 http fetch GET 200 https://registry.npmjs.org/@tanstack/history/-/history-1.162.4.tgz 798ms (cache miss)
1469 http fetch GET 200 https://registry.npmjs.org/use-sync-external-store/-/use-sync-external-store-1.7.0.tgz 802ms (cache miss)
1470 http fetch GET 200 https://registry.npmjs.org/@babel/template/-/template-7.29.7.tgz 832ms (cache miss)
1471 http fetch GET 200 https://registry.npmjs.org/@types/react/-/react-19.3.0.tgz 821ms (cache miss)
1472 http fetch GET 200 https://registry.npmjs.org/source-map-js/-/source-map-js-1.2.1.tgz 833ms (cache miss)
1473 http fetch GET 200 https://registry.npmjs.org/seroval/-/seroval-1.6.7.tgz 853ms (cache miss)
1474 http fetch GET 200 https://registry.npmjs.org/@babel/helper-module-transforms/-/helper-module-transforms-7.29.7.tgz 876ms (cache miss)
1475 http fetch GET 200 https://registry.npmjs.org/unplugin/-/unplugin-3.4.0.tgz 881ms (cache miss)
1476 http fetch GET 200 https://registry.npmjs.org/magic-string/-/magic-string-0.30.21.tgz 875ms (cache miss)
1477 http fetch GET 200 https://registry.npmjs.org/lightningcss/-/lightningcss-1.33.0.tgz 876ms (cache miss)
1478 http fetch GET 200 https://registry.npmjs.org/react/-/react-19.3.0.tgz 882ms (cache miss)
1479 http fetch GET 200 https://registry.npmjs.org/json5/-/json5-2.2.3.tgz 909ms (cache miss)
1480 http fetch GET 200 https://registry.npmjs.org/@jridgewell/sourcemap-codec/-/sourcemap-codec-1.6.0.tgz 930ms (cache miss)
1481 http fetch GET 200 https://registry.npmjs.org/lightningcss/-/lightningcss-1.32.0.tgz 929ms (cache miss)
1482 http fetch GET 200 https://registry.npmjs.org/@tanstack/virtual-file-routes/-/virtual-file-routes-1.162.0.tgz 950ms (cache miss)
1483 http fetch GET 200 https://registry.npmjs.org/@jridgewell/gen-mapping/-/gen-mapping-0.3.13.tgz 943ms (cache miss)
1484 http fetch GET 200 https://registry.npmjs.org/csstype/-/csstype-3.2.3.tgz 969ms (cache miss)
1485 http fetch GET 200 https://registry.npmjs.org/seroval-plugins/-/seroval-plugins-1.6.7.tgz 963ms (cache miss)
1486 http fetch GET 200 https://registry.npmjs.org/@tanstack/store/-/store-0.11.1.tgz 1002ms (cache miss)
1487 http fetch GET 200 https://registry.npmjs.org/@babel/parser/-/parser-7.29.9.tgz 1054ms (cache miss)
1488 http fetch GET 200 https://registry.npmjs.org/postcss/-/postcss-8.5.28.tgz 1089ms (cache miss)
1489 http fetch GET 200 https://registry.npmjs.org/tailwindcss/-/tailwindcss-4.3.3.tgz 1050ms (cache miss)
1490 http fetch GET 200 https://registry.npmjs.org/@jridgewell/trace-mapping/-/trace-mapping-0.3.31.tgz 1062ms (cache miss)
1491 http fetch GET 200 https://registry.npmjs.org/jiti/-/jiti-2.7.0.tgz 1073ms (cache miss)
1492 http fetch GET 200 https://registry.npmjs.org/@supabase/supabase-js/-/supabase-js-2.117.2.tgz 1139ms (cache miss)
1493 http fetch GET 200 https://registry.npmjs.org/@supabase/postgrest-js/-/postgrest-js-2.117.2.tgz 1153ms (cache miss)
1494 http fetch GET 200 https://registry.npmjs.org/@supabase/storage-js/-/storage-js-2.117.2.tgz 1155ms (cache miss)
1495 http fetch GET 200 https://registry.npmjs.org/tailwind-merge/-/tailwind-merge-3.7.0.tgz 1158ms (cache miss)
1496 http fetch GET 200 https://registry.npmjs.org/@tanstack/router-utils/-/router-utils-1.162.3.tgz 1183ms (cache miss)
1497 http fetch GET 200 https://registry.npmjs.org/enhanced-resolve/-/enhanced-resolve-5.25.1.tgz 1175ms (cache miss)
1498 http fetch GET 200 https://registry.npmjs.org/@tailwindcss/oxide-linux-x64-gnu/-/oxide-linux-x64-gnu-4.3.3.tgz 1190ms (cache miss)
1499 http fetch GET 200 https://registry.npmjs.org/rolldown/-/rolldown-1.2.11.tgz 1234ms (cache miss)
1500 http fetch GET 200 https://registry.npmjs.org/@babel/generator/-/generator-7.29.8.tgz 1235ms (cache miss)
1501 http fetch GET 200 https://registry.npmjs.org/@supabase/functions-js/-/functions-js-2.117.2.tgz 1219ms (cache miss)
1502 http fetch GET 200 https://registry.npmjs.org/vite/-/vite-8.3.1.tgz 1274ms (cache miss)
1503 http fetch GET 200 https://registry.npmjs.org/@supabase/phoenix/-/phoenix-0.4.5.tgz 1317ms (cache miss)
1504 http fetch GET 200 https://registry.npmjs.org/@babel/traverse/-/traverse-7.29.8.tgz 1348ms (cache miss)
1505 http fetch GET 200 https://registry.npmjs.org/motion-utils/-/motion-utils-12.39.0.tgz 1375ms (cache miss)
1506 http fetch GET 200 https://registry.npmjs.org/diff/-/diff-8.0.4.tgz 1628ms (cache miss)
1507 http fetch GET 200 https://registry.npmjs.org/react-dom/-/react-dom-19.3.0.tgz 1596ms (cache miss)
1508 http fetch GET 200 https://registry.npmjs.org/@babel/core/-/core-7.29.7.tgz 1706ms (cache miss)
1509 http fetch GET 200 https://registry.npmjs.org/@tanstack/router-generator/-/router-generator-1.167.39.tgz 1714ms (cache miss)
1510 http fetch GET 200 https://registry.npmjs.org/lightningcss-linux-x64-gnu/-/lightningcss-linux-x64-gnu-1.33.0.tgz 1728ms (cache miss)
1511 http fetch GET 200 https://registry.npmjs.org/lightningcss-linux-x64-gnu/-/lightningcss-linux-x64-gnu-1.32.0.tgz 1794ms (cache miss)
1512 http fetch GET 200 https://registry.npmjs.org/prettier/-/prettier-3.9.9.tgz 1817ms (cache miss)
1513 http fetch GET 200 https://registry.npmjs.org/@supabase/realtime-js/-/realtime-js-2.117.2.tgz 1812ms (cache miss)
1514 http fetch GET 200 https://registry.npmjs.org/@babel/types/-/types-7.29.8.tgz 1954ms (cache miss)
1515 http fetch GET 200 https://registry.npmjs.org/@babel/helpers/-/helpers-7.29.7.tgz 2076ms (cache miss)
1516 http fetch GET 200 https://registry.npmjs.org/@tanstack/router-plugin/-/router-plugin-1.168.41.tgz 2082ms (cache miss)
1517 http fetch GET 200 https://registry.npmjs.org/@rolldown/binding-linux-x64-gnu/-/binding-linux-x64-gnu-1.2.11.tgz 2166ms (cache miss)
1518 http fetch GET 200 https://registry.npmjs.org/@supabase/auth-js/-/auth-js-2.117.2.tgz 2139ms (cache miss)
1519 http fetch GET 200 https://registry.npmjs.org/@tanstack/react-router/-/react-router-1.170.40.tgz 2270ms (cache miss)
1520 http fetch GET 200 https://registry.npmjs.org/typescript/-/typescript-5.9.3.tgz 2334ms (cache miss)
1521 http fetch GET 200 https://registry.npmjs.org/@tanstack/router-core/-/router-core-1.171.33.tgz 2500ms (cache miss)
1522 http fetch GET 200 https://registry.npmjs.org/framer-motion/-/framer-motion-12.43.0.tgz 2552ms (cache miss)
1523 http fetch GET 200 https://registry.npmjs.org/motion-dom/-/motion-dom-12.43.0.tgz 2716ms (cache miss)
1524 http fetch GET 200 https://registry.npmjs.org/caniuse-lite/-/caniuse-lite-1.0.30001813.tgz 2722ms (cache miss)
1525 http fetch GET 200 https://registry.npmjs.org/zod/-/zod-4.6.5.tgz 2809ms (cache miss)
1526 http fetch GET 200 https://registry.npmjs.org/lucide-react/-/lucide-react-0.548.0.tgz 4317ms (cache miss)
1527 silly ADD node_modules/@rolldown/binding-linux-x64-gnu
1528 silly ADD node_modules/@oxc-project/types
1529 silly ADD node_modules/nanoid
1530 silly ADD node_modules/rolldown
1531 silly ADD node_modules/rolldown/node_modules/@rolldown/pluginutils
1532 silly ADD node_modules/postcss
1533 silly ADD node_modules/escalade
1534 silly ADD node_modules/webpack-virtual-modules
1535 silly ADD node_modules/picomatch
1536 silly ADD node_modules/fdir
1537 silly ADD node_modules/scheduler
1538 silly ADD node_modules/yallist
1539 silly ADD node_modules/lightningcss-linux-x64-gnu
1540 silly ADD node_modules/detect-libc
1541 silly ADD node_modules/motion-utils
1542 silly ADD node_modules/motion-dom
1543 silly ADD node_modules/tapable
1544 silly ADD node_modules/graceful-fs
1545 silly ADD node_modules/ms
1546 silly ADD node_modules/readdirp
1547 silly ADD node_modules/update-browserslist-db
1548 silly ADD node_modules/node-releases
1549 silly ADD node_modules/electron-to-chromium
1550 silly ADD node_modules/caniuse-lite
1551 silly ADD node_modules/baseline-browser-mapping
1552 silly ADD node_modules/@types/babel__traverse
1553 silly ADD node_modules/@types/babel__template
1554 silly ADD node_modules/@types/babel__generator
1555 silly ADD node_modules/@babel/helper-plugin-utils
1556 silly ADD node_modules/react-refresh
1557 silly ADD node_modules/@types/babel__core
1558 silly ADD node_modules/@rolldown/pluginutils
1559 silly ADD node_modules/@babel/plugin-transform-react-jsx-source
1560 silly ADD node_modules/@babel/plugin-transform-react-jsx-self
1561 silly ADD node_modules/csstype
1562 silly ADD node_modules/tinyglobby
1563 silly ADD node_modules/pathe
1564 silly ADD node_modules/diff
1565 silly ADD node_modules/babel-dead-code-elimination
1566 silly ADD node_modules/ansis
1567 silly ADD node_modules/prettier
1568 silly ADD node_modules/@tanstack/virtual-file-routes
1569 silly ADD node_modules/@babel/helper-string-parser
1570 silly ADD node_modules/@babel/helper-globals
1571 silly ADD node_modules/@babel/helper-module-imports
1572 silly ADD node_modules/lru-cache
1573 silly ADD node_modules/browserslist
1574 silly ADD node_modules/@babel/helper-validator-option
1575 silly ADD node_modules/@babel/compat-data
1576 silly ADD node_modules/jsesc
1577 silly ADD node_modules/picocolors
1578 silly ADD node_modules/js-tokens
1579 silly ADD node_modules/@babel/helper-validator-identifier
1580 silly ADD node_modules/semver
1581 silly ADD node_modules/json5
1582 silly ADD node_modules/gensync
1583 silly ADD node_modules/debug
1584 silly ADD node_modules/convert-source-map
1585 silly ADD node_modules/@babel/traverse
1586 silly ADD node_modules/@babel/parser
1587 silly ADD node_modules/@babel/helpers
1588 silly ADD node_modules/@babel/helper-module-transforms
1589 silly ADD node_modules/@babel/helper-compilation-targets
1590 silly ADD node_modules/@babel/generator
1591 silly ADD node_modules/@babel/code-frame
1592 silly ADD node_modules/zod
1593 silly ADD node_modules/unplugin
1594 silly ADD node_modules/chokidar
1595 silly ADD node_modules/@tanstack/router-utils
1596 silly ADD node_modules/@tanstack/router-generator
1597 silly ADD node_modules/@babel/types
1598 silly ADD node_modules/@babel/template
1599 silly ADD node_modules/@babel/core
1600 silly ADD node_modules/seroval-plugins
1601 silly ADD node_modules/seroval
1602 silly ADD node_modules/cookie-es
1603 silly ADD node_modules/use-sync-external-store
1604 silly ADD node_modules/@tanstack/store
1605 silly ADD node_modules/isbot
1606 silly ADD node_modules/@tanstack/router-core
1607 silly ADD node_modules/@tanstack/react-store
1608 silly ADD node_modules/@tanstack/history
1609 silly ADD node_modules/@tailwindcss/oxide-linux-x64-gnu
1610 silly ADD node_modules/@jridgewell/resolve-uri
1611 silly ADD node_modules/@jridgewell/sourcemap-codec
1612 silly ADD node_modules/@jridgewell/trace-mapping
1613 silly ADD node_modules/@jridgewell/gen-mapping
1614 silly ADD node_modules/source-map-js
1615 silly ADD node_modules/magic-string
1616 silly ADD node_modules/lightningcss
1617 silly ADD node_modules/jiti
1618 silly ADD node_modules/enhanced-resolve
1619 silly ADD node_modules/@jridgewell/remapping
1620 silly ADD node_modules/@tailwindcss/oxide
1621 silly ADD node_modules/@tailwindcss/node
1622 silly ADD node_modules/iceberg-js
1623 silly ADD node_modules/@supabase/phoenix
1624 silly ADD node_modules/tslib
1625 silly ADD node_modules/@supabase/storage-js
1626 silly ADD node_modules/@supabase/realtime-js
1627 silly ADD node_modules/@supabase/postgrest-js
1628 silly ADD node_modules/@supabase/functions-js
1629 silly ADD node_modules/@supabase/auth-js
1630 silly ADD node_modules/typescript
1631 silly ADD node_modules/tailwindcss
1632 silly ADD node_modules/tailwind-merge
1633 silly ADD node_modules/lucide-react
1634 silly ADD node_modules/framer-motion
1635 silly ADD node_modules/clsx
1636 silly ADD node_modules/class-variance-authority
1637 silly ADD node_modules/@vitejs/plugin-react
1638 silly ADD node_modules/@types/react-dom
1639 silly ADD node_modules/@types/react
1640 silly ADD node_modules/@tanstack/router-plugin
1641 silly ADD node_modules/react-dom
1642 silly ADD node_modules/react
1643 silly ADD node_modules/@tanstack/react-router
1644 silly ADD node_modules/vite
1645 silly ADD node_modules/vite/node_modules/lightningcss-linux-x64-gnu
1646 silly ADD node_modules/vite/node_modules/lightningcss
1647 silly ADD node_modules/@tailwindcss/vite
1648 silly ADD node_modules/@supabase/supabase-js
1649 verbose cwd /home/sprite
1650 verbose os Linux 6.12.91-fly
1651 verbose node v24.18.0
1652 verbose npm  v12.0.1
1653 notice
1653 notice New minor version of npm available! 12.0.1 -> 12.1.0
1653 notice Changelog: https://github.com/npm/cli/releases/tag/v12.1.0
1653 notice To update run: npm install -g npm@12.1.0
1653 notice  { force: true, Symbol(proc-log.meta): true }
1654 verbose exit 0
1655 info ok
